Прайс,Класс ТМЦ,ТМЦ кратко,ТМЦ,Код,Цена
РОССИЯ,Материал для маркировки,Лента этикетировочная «КОМПО» 12/20,Лента для термической наклейки  шпагатных  петель (КОМПО-04) 25 мм,66474,1769
РОССИЯ,Материал для маркировки,Лента этикетировочная «КОМПО» 12/20,Лента для ультразвуковой наклейки петель шпагатных 15мм,77790,1769
РОССИЯ,Материал для маркировки,Лента этикетировочная «КОМПО» 12/20,Лента термоклейкая скрепочная (8мм х 300м),53366,1769
РОССИЯ,Материал для маркировки,Лента этикетировочная «КОМПО» 12/20,Лента этикетировочная «КОМПО» 12/20,053357,1769
РОССИЯ,Материал для маркировки,Лента этикетировочная «КОМПО-1П» 12/20,Лента этикетировочная «КОМПО-1П» 12/20,053360,2031
РОССИЯ,Петля поперечная,Петля шпагатная КОМПО-20/100,"Петля шпагатная ""КОМПО-20/100-3500 Бежевый""",110498,310
РОССИЯ,Петля поперечная,Петля шпагатная КОМПО-20/100,"Петля шпагатная ""КОМПО-20/100-3500 Белый""",110497,310
РОССИЯ,Петля поперечная,Петля шпагатная КОМПО-20/100,"Петля шпагатная ""КОМПО-20/100-3500 Желтый""",110502,310
РОССИЯ,Петля поперечная,Петля шпагатная КОМПО-20/100,"Петля шпагатная ""КОМПО-20/100-3500 Желтый""",146291,310
РОССИЯ,Петля поперечная,Петля шпагатная КОМПО-20/100,"Петля шпагатная ""КОМПО-20/100-3500 Зеленый""",110501,310
РОССИЯ,Петля поперечная,Петля шпагатная КОМПО-20/100,"Петля шпагатная ""КОМПО-20/100-3500 Зеленый""",146290,310
РОССИЯ,Петля поперечная,Петля шпагатная КОМПО-20/100,"Петля шпагатная ""КОМПО-20/100-3500 Красный""",110499,310
РОССИЯ,Петля поперечная,Петля шпагатная КОМПО-20/100,"Петля шпагатная ""КОМПО-20/100-3500 Синий""",110500,310
РОССИЯ,Петля поперечная,Петля шпагатная КОМПО-20/100,"Петля шпагатная ""КОМПО-20/100-3500 Черный""",110504,310
РОССИЯ,Петля поперечная,Петля шпагатная КОМПО-20/100,"Петля шпагатная ""КОМПО-20/100-3500 Черный""",145087,310
РОССИЯ,Петля поперечная,Петля шпагатная КОМПО-20/100,"Петля шпагатная ""КОМПО-20/100-4000 Красный""",128293,310
РОССИЯ,Петля поперечная,Петля шпагатная КОМПО-20/100 с/к,"Петля шпагатная ""КОМПО-20/100-3500 Бежевый""",127010,310
РОССИЯ,Петля поперечная,Петля шпагатная КОМПО-20/100 с/к,"Петля шпагатная ""КОМПО-20/100-3500 Бело-красный""",144584,310
РОССИЯ,Петля поперечная,Петля шпагатная КОМПО-20/100 с/к,"Петля шпагатная ""КОМПО-20/100-3500 Бело-синий""",144594,310
РОССИЯ,Петля поперечная,Петля шпагатная КОМПО-20/100 с/к,"Петля шпагатная ""КОМПО-20/100-3500 Белый""",127011,310
РОССИЯ,Петля поперечная,Петля шпагатная КОМПО-20/100 с/к,"Петля шпагатная ""КОМПО-20/100-3500 Желтый""",134431,310
РОССИЯ,Петля поперечная,Петля шпагатная КОМПО-20/100 с/к,"Петля шпагатная ""КОМПО-20/100-3500 Зеленый""",134436,310
РОССИЯ,Петля поперечная,Петля шпагатная КОМПО-20/100 с/к,"Петля шпагатная ""КОМПО-20/100-3500 Красный""",134437,310
РОССИЯ,Петля поперечная,Петля шпагатная КОМПО-20/100 с/к,"Петля шпагатная ""КОМПО-20/100-3500 Синий""",134362,310
РОССИЯ,Петля поперечная,Петля шпагатная КОМПО-20/100 с/к,"Петля шпагатная ""КОМПО-20/100-3500 Черный""",145379,310
РОССИЯ,Петля поперечная,Петля шпагатная КОМПО-22/100,"Петля шпагатная ""КОМПО-22/100-3500 Бежевый""",110520,328
РОССИЯ,Петля поперечная,Петля шпагатная КОМПО-22/100,"Петля шпагатная ""КОМПО-22/100-3500 Белый""",110519,328
РОССИЯ,Петля поперечная,Петля шпагатная КОМПО-22/100,"Петля шпагатная ""КОМПО-22/100-3500 Желтый""",110524,328
РОССИЯ,Петля поперечная,Петля шпагатная КОМПО-22/100,"Петля шпагатная ""КОМПО-22/100-3500 Зеленый""",110523,328
РОССИЯ,Петля поперечная,Петля шпагатная КОМПО-22/100,"Петля шпагатная ""КОМПО-22/100-3500 Красный""",110521,328
РОССИЯ,Петля поперечная,Петля шпагатная КОМПО-22/100,"Петля шпагатная ""КОМПО-22/100-3500 Синий""",110522,328
РОССИЯ,Петля поперечная,Петля шпагатная КОМПО-22/100,"Петля шпагатная ""КОМПО-22/100-3500 Черный""",110525,328
РОССИЯ,Петля поперечная,Петля шпагатная КОМПО-22/100 с/к,"Петля шпагатная ""КОМПО-22/100-3500 Желтый""",134459,328
РОССИЯ,Петля поперечная,Петля шпагатная КОМПО-22/100 с/к,"Петля шпагатная ""КОМПО-22/100-3500 Зеленый""",134462,328
РОССИЯ,Петля поперечная,Петля шпагатная КОМПО-22/100 с/к,"Петля шпагатная ""КОМПО-22/100-3500 Красный""",134464,328
РОССИЯ,Петля поперечная,Петля шпагатная КОМПО-22/100 с/к,"Петля шпагатная ""КОМПО-22/100-3500 Синий""",134466,328
РОССИЯ,Петля поперечная,Петля шпагатная КОМПО-25/100,"Петля шпагатная ""КОМПО-25/100-3000 Белый""",110505,319
РОССИЯ,Петля поперечная,Петля шпагатная КОМПО-25/100,"Петля шпагатная ""КОМПО-25/100-3000 Белый""",110513,319
РОССИЯ,Петля поперечная,Петля шпагатная КОМПО-25/100,"Петля шпагатная ""КОМПО-25/100-3500 Бежевый""",110506,319
РОССИЯ,Петля поперечная,Петля шпагатная КОМПО-25/100,"Петля шпагатная ""КОМПО-25/100-3500 Белый""",110505,319
РОССИЯ,Петля поперечная,Петля шпагатная КОМПО-25/100,"Петля шпагатная ""КОМПО-25/100-3500 Желтый""",110511,319
РОССИЯ,Петля поперечная,Петля шпагатная КОМПО-25/100,"Петля шпагатная ""КОМПО-25/100-3500 Зеленый""",110510,319
РОССИЯ,Петля поперечная,Петля шпагатная КОМПО-25/100,"Петля шпагатная ""КОМПО-25/100-3500 Красный""",110507,319
РОССИЯ,Петля поперечная,Петля шпагатная КОМПО-25/100,"Петля шпагатная ""КОМПО-25/100-3500 Синий""",110509,319
РОССИЯ,Петля поперечная,Петля шпагатная КОМПО-25/100,"Петля шпагатная ""КОМПО-25/100-3500 Черный""",145088,319
РОССИЯ,Петля поперечная,Петля шпагатная КОМПО-25/100,"Петля шпагатная ""КОМПО-25/100-4000 Красный""",110507,319
РОССИЯ,Петля поперечная,Петля шпагатная КОМПО-25/100 с/к,"Петля шпагатная ""КОМПО-25/100-3000 Белый""",110513,319
РОССИЯ,Петля поперечная,Петля шпагатная КОМПО-25/100 с/к,"Петля шпагатная ""КОМПО-25/100-3500 Бежевый""",135094,319
РОССИЯ,Петля поперечная,Петля шпагатная КОМПО-25/100 с/к,"Петля шпагатная ""КОМПО-25/100-3500 Бежевый""",135102,319
РОССИЯ,Петля поперечная,Петля шпагатная КОМПО-25/100 с/к,"Петля шпагатная ""КОМПО-25/100-3500 Белый""",110505,319
РОССИЯ,Петля поперечная,Петля шпагатная КОМПО-25/100 с/к,"Петля шпагатная ""КОМПО-25/100-3500 Желтый""",134449,319
РОССИЯ,Петля поперечная,Петля шпагатная КОМПО-25/100 с/к,"Петля шпагатная ""КОМПО-25/100-3500 Зеленый""",134451,319
РОССИЯ,Петля поперечная,Петля шпагатная КОМПО-25/100 с/к,"Петля шпагатная ""КОМПО-25/100-3500 Красный""",134454,319
РОССИЯ,Петля поперечная,Петля шпагатная КОМПО-25/100 с/к,"Петля шпагатная ""КОМПО-25/100-3500 Синий""",134455,319
РОССИЯ,Петля продольная,Петля шпагатная КОМПО-02,"Петля шпагатная ""КОМПО-04-2000 Белый""",115741,537
РОССИЯ,Петля продольная,Петля шпагатная КОМПО-04,"Петля шпагатная ""КОМПО-04"" (1тыс.шт)",110476,537
РОССИЯ,Петля продольная,Петля шпагатная КОМПО-04,"Петля шпагатная ""КОМПО-04-5000 Бежевый""",141164,537
РОССИЯ,Петля продольная,Петля шпагатная КОМПО-04,"Петля шпагатная ""КОМПО-04-5000 Белый""",110476,537
РОССИЯ,Петля продольная,Петля шпагатная КОМПО-04,"Петля шпагатная ""КОМПО-04-5000 Желтый""",110482,537
РОССИЯ,Петля продольная,Петля шпагатная КОМПО-04,"Петля шпагатная ""КОМПО-04-5000 Зеленый""",110483,537
РОССИЯ,Петля продольная,Петля шпагатная КОМПО-04,"Петля шпагатная ""КОМПО-04-5000 Красный""",110479,537
РОССИЯ,Петля продольная,Петля шпагатная КОМПО-04,"Петля шпагатная ""КОМПО-04-5000 Оранжевый""",110484,537
РОССИЯ,Петля продольная,Петля шпагатная КОМПО-04,"Петля шпагатная ""КОМПО-04-5000 Синий""",110481,537
РОССИЯ,Петля продольная,Петля шпагатная КОМПО-04,"Петля шпагатная ""КОМПО-04-5000 Фиолетовый""",110486,537
РОССИЯ,Петля штучная,Петля шпагатная КОМПО-110,"Петля шпагатная ""КОМПО-110-10000 Бежевый""",110461,153
РОССИЯ,Петля штучная,Петля шпагатная КОМПО-110,"Петля шпагатная ""КОМПО-110-10000 Белый""",110460,153
РОССИЯ,Петля штучная,Петля шпагатная КОМПО-110,"Петля шпагатная ""КОМПО-110-10000 Желтый""",110464,153
РОССИЯ,Петля штучная,Петля шпагатная КОМПО-110,"Петля шпагатная ""КОМПО-110-10000 Зеленый""",110465,153
РОССИЯ,Петля штучная,Петля шпагатная КОМПО-110,"Петля шпагатная ""КОМПО-110-10000 Красный""",110462,153
РОССИЯ,Петля штучная,Петля шпагатная КОМПО-110,"Петля шпагатная ""КОМПО-110-10000 Оранжевый""",110466,153
РОССИЯ,Петля штучная,Петля шпагатная КОМПО-110,"Петля шпагатная ""КОМПО-110-10000 Синий""",110463,153
РОССИЯ,Петля штучная,Петля шпагатная КОМПО-110,"Петля шпагатная ""КОМПО-110-10000 Фиолетовый""",110467,153
РОССИЯ,Петля штучная,Петля шпагатная КОМПО-110,"Петля шпагатная ""КОМПО-110-10000 Черный""",117403,153
РОССИЯ,Петля штучная,Петля шпагатная КОМПО-120,"Петля шпагатная ""КОМПО-120-10000 Белый""",110468,158
РОССИЯ,Петля штучная,Петля шпагатная КОМПО-120,"Петля шпагатная ""КОМПО-120-10000 Желтый""",110471,158
РОССИЯ,Петля штучная,Петля шпагатная КОМПО-120,"Петля шпагатная ""КОМПО-120-10000 Зеленый""",110472,158
РОССИЯ,Петля штучная,Петля шпагатная КОМПО-120,"Петля шпагатная ""КОМПО-120-10000 Красный""",110469,158
РОССИЯ,Петля штучная,Петля шпагатная КОМПО-120,"Петля шпагатная ""КОМПО-120-10000 Оранжевый""",110473,158
РОССИЯ,Петля штучная,Петля шпагатная КОМПО-120,"Петля шпагатная ""КОМПО-120-10000 Синий""",110470,158
РОССИЯ,Петля штучная,Петля шпагатная КОМПО-120,"Петля шпагатная ""КОМПО-120-10000 Фиолетовый""",110475,158
РОССИЯ,Петля штучная,Петля шпагатная КОМПО-150,"Петля шпагатная ""КОМПО-150-10000 Белый""",142952,169
РОССИЯ,Петля штучная,Петля шпагатная КОМПО-90,"Петля шпагатная ""КОМПО-90-10000 Белый""",110452,147
РОССИЯ,Петля штучная,Петля шпагатная КОМПО-90,"Петля шпагатная ""КОМПО-90-10000 Желтый""",110456,147
РОССИЯ,Петля штучная,Петля шпагатная КОМПО-90,"Петля шпагатная ""КОМПО-90-10000 Зеленый""",110457,147
РОССИЯ,Петля штучная,Петля шпагатная КОМПО-90,"Петля шпагатная ""КОМПО-90-10000 Красный""",110453,147
РОССИЯ,Петля штучная,Петля шпагатная КОМПО-90,"Петля шпагатная ""КОМПО-90-10000 Оранжевый""",110458,147
РОССИЯ,Петля штучная,Петля шпагатная КОМПО-90,"Петля шпагатная ""КОМПО-90-10000 Синий""",110455,147
РОССИЯ,Петля штучная,Петля шпагатная КОМПО-90,"Петля шпагатная ""КОМПО-90-10000 Фиолетовый""",110459,147
РОССИЯ,Скрепка непрерывная,"Скрепка 15-07/5х1,50","Скрепка ""15-07/5х1,50 Л-М-0.1-6000""",110532,398
РОССИЯ,Скрепка непрерывная,"Скрепка 15-07/5х1,50","Скрепка ""15-07/5х1,50 Л-СМ-0.1-6000""",110531,398
РОССИЯ,Скрепка непрерывная,"Скрепка 15-07/5х1,50","Скрепка ""15-07/5х1,50 П-М-0.1-6000""",110530,398
РОССИЯ,Скрепка непрерывная,"Скрепка 15-07/5х1,50","Скрепка ""15-07/5х1,50 П-СМ-0.1-6000""",110529,398
РОССИЯ,Скрепка непрерывная,"Скрепка 15-07/5х1,50","Скрепка Н5-15-07/5х1,50-Л-М",089359,398
РОССИЯ,Скрепка непрерывная,"Скрепка 15-07/5х1,50","Скрепка Н5-15-07/5х1,50-Л-ОМ",089360,398
РОССИЯ,Скрепка непрерывная,"Скрепка 15-07/5х1,50","Скрепка Н5-15-07/5х1,50-Л-СМ",089358,398
РОССИЯ,Скрепка непрерывная,"Скрепка 15-07/5х1,50","Скрепка Н5-15-07/5х1,50-Л-СТ",089357,398
РОССИЯ,Скрепка непрерывная,"Скрепка 15-07/5х1,50","Скрепка Н5-15-07/5х1,50-Л-Т",089356,398
РОССИЯ,Скрепка непрерывная,"Скрепка 15-07/5х1,50","Скрепка Н5-15-07/5х1,50-П-М",083968,398
РОССИЯ,Скрепка непрерывная,"Скрепка 15-07/5х1,50","Скрепка Н5-15-07/5х1,50-П-М Алжир",105972,398
РОССИЯ,Скрепка непрерывная,"Скрепка 15-07/5х1,50","Скрепка Н5-15-07/5х1,50-П-ОМ",089355,398
РОССИЯ,Скрепка непрерывная,"Скрепка 15-07/5х1,50","Скрепка Н5-15-07/5х1,50-П-СМ",089352,398
РОССИЯ,Скрепка непрерывная,"Скрепка 15-07/5х1,50","Скрепка Н5-15-07/5х1,50-П-СТ",089351,398
РОССИЯ,Скрепка непрерывная,"Скрепка 15-07/5х1,50","Скрепка Н5-15-07/5х1,50-П-Т",089350,398
РОССИЯ,Скрепка непрерывная,"Скрепка 15-07/5х1,75","Скрепка ""15-07/5х1,75 Л-М-0.1-6000""",110537,418
РОССИЯ,Скрепка непрерывная,"Скрепка 15-07/5х1,75","Скрепка ""15-07/5х1,75 Л-СМ-0.1-6000""",110536,418
РОССИЯ,Скрепка непрерывная,"Скрепка 15-07/5х1,75","Скрепка ""15-07/5х1,75 П-М-0.1-6000""",110535,418
РОССИЯ,Скрепка непрерывная,"Скрепка 15-07/5х1,75","Скрепка ""15-07/5х1,75 П-СМ-0.1-6000""",110534,418
РОССИЯ,Скрепка непрерывная,"Скрепка 15-07/5х1,75","Скрепка Н6-15-07/5х1,75-Л-М",089370,418
РОССИЯ,Скрепка непрерывная,"Скрепка 15-07/5х1,75","Скрепка Н6-15-07/5х1,75-Л-ОМ",089371,418
РОССИЯ,Скрепка непрерывная,"Скрепка 15-07/5х1,75","Скрепка Н6-15-07/5х1,75-Л-СМ",089369,418
РОССИЯ,Скрепка непрерывная,"Скрепка 15-07/5х1,75","Скрепка Н6-15-07/5х1,75-Л-СТ",089368,418
РОССИЯ,Скрепка непрерывная,"Скрепка 15-07/5х1,75","Скрепка Н6-15-07/5х1,75-Л-Т",089367,418
РОССИЯ,Скрепка непрерывная,"Скрепка 15-07/5х1,75","Скрепка Н6-15-07/5х1,75-П-М",085109,418
РОССИЯ,Скрепка непрерывная,"Скрепка 15-07/5х1,75","Скрепка Н6-15-07/5х1,75-П-ОМ",089366,418
РОССИЯ,Скрепка непрерывная,"Скрепка 15-07/5х1,75","Скрепка Н6-15-07/5х1,75-П-СМ",089364,418
РОССИЯ,Скрепка непрерывная,"Скрепка 15-07/5х1,75","Скрепка Н6-15-07/5х1,75-П-СТ",089363,418
РОССИЯ,Скрепка непрерывная,"Скрепка 15-07/5х1,75","Скрепка Н6-15-07/5х1,75-П-Т",089361,418
РОССИЯ,Скрепка непрерывная,"Скрепка 15-08/5х1,50","Скрепка ""15-08/5х1,50 Л-М-0.1-5000""",110542,426
РОССИЯ,Скрепка непрерывная,"Скрепка 15-08/5х1,50","Скрепка ""15-08/5х1,50 Л-СМ-0.1-5000""",110541,426
РОССИЯ,Скрепка непрерывная,"Скрепка 15-08/5х1,50","Скрепка ""15-08/5х1,50 П-М-0.1-5000""",110539,426
РОССИЯ,Скрепка непрерывная,"Скрепка 15-08/5х1,50","Скрепка ""15-08/5х1,50 П-СМ-0.1-5000""",110538,426
РОССИЯ,Скрепка непрерывная,"Скрепка 15-08/5х1,50","Скрепка ""15-08/5х1,50 П-Т-0.1-5000""",117814,426
РОССИЯ,Скрепка непрерывная,"Скрепка 15-08/5х1,50","Скрепка Н7-15-08/5х1,50-Л-М",089380,426
РОССИЯ,Скрепка непрерывная,"Скрепка 15-08/5х1,50","Скрепка Н7-15-08/5х1,50-Л-ОМ",089381,426
РОССИЯ,Скрепка непрерывная,"Скрепка 15-08/5х1,50","Скрепка Н7-15-08/5х1,50-Л-СМ",089379,426
РОССИЯ,Скрепка непрерывная,"Скрепка 15-08/5х1,50","Скрепка Н7-15-08/5х1,50-Л-СТ",089378,426
РОССИЯ,Скрепка непрерывная,"Скрепка 15-08/5х1,50","Скрепка Н7-15-08/5х1,50-Л-Т",089377,426
РОССИЯ,Скрепка непрерывная,"Скрепка 15-08/5х1,50","Скрепка Н7-15-08/5х1,50-П-М",089375,426
РОССИЯ,Скрепка непрерывная,"Скрепка 15-08/5х1,50","Скрепка Н7-15-08/5х1,50-П-ОМ",089376,426
РОССИЯ,Скрепка непрерывная,"Скрепка 15-08/5х1,50","Скрепка Н7-15-08/5х1,50-П-СМ",053382,426
РОССИЯ,Скрепка непрерывная,"Скрепка 15-08/5х1,50","Скрепка Н7-15-08/5х1,50-П-СМ",103893,426
РОССИЯ,Скрепка непрерывная,"Скрепка 15-08/5х1,50","Скрепка Н7-15-08/5х1,50-П-СМ Алжир",105970,426
РОССИЯ,Скрепка непрерывная,"Скрепка 15-08/5х1,50","Скрепка Н7-15-08/5х1,50-П-СТ",089373,426
РОССИЯ,Скрепка непрерывная,"Скрепка 15-08/5х1,50","Скрепка Н7-15-08/5х1,50-П-Т",089372,426
РОССИЯ,Скрепка непрерывная,"Скрепка 15-08/5х1,75","Скрепка ""15-08/5х1,75 Л-М-0.1-5000""",110551,429
РОССИЯ,Скрепка непрерывная,"Скрепка 15-08/5х1,75","Скрепка ""15-08/5х1,75 Л-СМ-0.1-5000""",110550,429
РОССИЯ,Скрепка непрерывная,"Скрепка 15-08/5х1,75","Скрепка ""15-08/5х1,75 П-М-0.1-5000""",110549,429
РОССИЯ,Скрепка непрерывная,"Скрепка 15-08/5х1,75","Скрепка ""15-08/5х1,75 П-СМ-0.1-5000""",110544,429
РОССИЯ,Скрепка непрерывная,"Скрепка 15-08/5х1,75","Скрепка ""15-08/5х1,75 П-Т-0.1-5000""",117817,429
РОССИЯ,Скрепка непрерывная,"Скрепка 15-08/5х1,75","Скрепка Н8-15-08/5х1,75-Л-М",089390,429
РОССИЯ,Скрепка непрерывная,"Скрепка 15-08/5х1,75","Скрепка Н8-15-08/5х1,75-Л-ОМ",089391,429
РОССИЯ,Скрепка непрерывная,"Скрепка 15-08/5х1,75","Скрепка Н8-15-08/5х1,75-Л-СМ",089389,429
РОССИЯ,Скрепка непрерывная,"Скрепка 15-08/5х1,75","Скрепка Н8-15-08/5х1,75-Л-СТ",089388,429
РОССИЯ,Скрепка непрерывная,"Скрепка 15-08/5х1,75","Скрепка Н8-15-08/5х1,75-Л-Т",089387,429
РОССИЯ,Скрепка непрерывная,"Скрепка 15-08/5х1,75","Скрепка Н8-15-08/5х1,75-П-М",089385,429
РОССИЯ,Скрепка непрерывная,"Скрепка 15-08/5х1,75","Скрепка Н8-15-08/5х1,75-П-ОМ",089386,429
РОССИЯ,Скрепка непрерывная,"Скрепка 15-08/5х1,75","Скрепка Н8-15-08/5х1,75-П-СМ",061745,429
РОССИЯ,Скрепка непрерывная,"Скрепка 15-08/5х1,75","Скрепка Н8-15-08/5х1,75-П-СТ",089383,429
РОССИЯ,Скрепка непрерывная,"Скрепка 15-08/5х1,75","Скрепка Н8-15-08/5х1,75-П-Т",089382,429
РОССИЯ,Скрепка непрерывная,"Скрепка 15-08/5х1,75","Скрепка непрерывная Н8-15-08/5х1,75",061639,429
РОССИЯ,Скрепка непрерывная,"Скрепка 15-09/5х1,50","Скрепка ""15-09/5х1,50 Л-М-0.1-5000""",110556,471
РОССИЯ,Скрепка непрерывная,"Скрепка 15-09/5х1,50","Скрепка ""15-09/5х1,50 Л-СМ-0.1-5000""",110555,471
РОССИЯ,Скрепка непрерывная,"Скрепка 15-09/5х1,50","Скрепка ""15-09/5х1,50 П-М-0.1-5000""",110554,471
РОССИЯ,Скрепка непрерывная,"Скрепка 15-09/5х1,50","Скрепка ""15-09/5х1,50 П-СМ-0.1-5000""",110553,471
РОССИЯ,Скрепка непрерывная,"Скрепка 15-09/5х1,50","Скрепка ""15-09/5х1,50 П-Т-0.1-5000""",117818,471
РОССИЯ,Скрепка непрерывная,"Скрепка 15-09/5х1,50","Скрепка Н9-15-09/5х1,50-Л-М",089400,471
РОССИЯ,Скрепка непрерывная,"Скрепка 15-09/5х1,50","Скрепка Н9-15-09/5х1,50-Л-ОМ",089401,471
РОССИЯ,Скрепка непрерывная,"Скрепка 15-09/5х1,50","Скрепка Н9-15-09/5х1,50-Л-СМ",089399,471
РОССИЯ,Скрепка непрерывная,"Скрепка 15-09/5х1,50","Скрепка Н9-15-09/5х1,50-Л-СТ",089398,471
РОССИЯ,Скрепка непрерывная,"Скрепка 15-09/5х1,50","Скрепка Н9-15-09/5х1,50-Л-Т",089397,471
РОССИЯ,Скрепка непрерывная,"Скрепка 15-09/5х1,50","Скрепка Н9-15-09/5х1,50-П-М",089395,471
РОССИЯ,Скрепка непрерывная,"Скрепка 15-09/5х1,50","Скрепка Н9-15-09/5х1,50-П-ОМ",089396,471
РОССИЯ,Скрепка непрерывная,"Скрепка 15-09/5х1,50","Скрепка Н9-15-09/5х1,50-П-СМ",064404,471
РОССИЯ,Скрепка непрерывная,"Скрепка 15-09/5х1,50","Скрепка Н9-15-09/5х1,50-П-СТ",089393,471
РОССИЯ,Скрепка непрерывная,"Скрепка 15-09/5х1,50","Скрепка Н9-15-09/5х1,50-П-Т",089392,471
РОССИЯ,Скрепка непрерывная,"Скрепка 15-09/5х1,75","Скрепка ""15-09/5х1,75 Л-М-0.1-5000""",110562,480
РОССИЯ,Скрепка непрерывная,"Скрепка 15-09/5х1,75","Скрепка ""15-09/5х1,75 Л-ОМ-0.1-5000""",110561,480
РОССИЯ,Скрепка непрерывная,"Скрепка 15-09/5х1,75","Скрепка ""15-09/5х1,75 Л-СМ-0.1-5000""",110560,480
РОССИЯ,Скрепка непрерывная,"Скрепка 15-09/5х1,75","Скрепка ""15-09/5х1,75 Л-Т-0.1-5000""",117819,480
РОССИЯ,Скрепка непрерывная,"Скрепка 15-09/5х1,75","Скрепка ""15-09/5х1,75 П-М-0.1-5000""",110559,480
РОССИЯ,Скрепка непрерывная,"Скрепка 15-09/5х1,75","Скрепка ""15-09/5х1,75 П-СМ-0.1-5000""",110557,480
РОССИЯ,Скрепка непрерывная,"Скрепка 15-09/5х1,75","Скрепка Н10-15-09/5х1,75-Л-М",089410,480
РОССИЯ,Скрепка непрерывная,"Скрепка 15-09/5х1,75","Скрепка Н10-15-09/5х1,75-Л-ОМ",089411,480
РОССИЯ,Скрепка непрерывная,"Скрепка 15-09/5х1,75","Скрепка Н10-15-09/5х1,75-Л-СМ",053377,480
РОССИЯ,Скрепка непрерывная,"Скрепка 15-09/5х1,75","Скрепка Н10-15-09/5х1,75-Л-СТ",089408,480
РОССИЯ,Скрепка непрерывная,"Скрепка 15-09/5х1,75","Скрепка Н10-15-09/5х1,75-Л-Т",089407,480
РОССИЯ,Скрепка непрерывная,"Скрепка 15-09/5х1,75","Скрепка Н10-15-09/5х1,75-П-М",089405,480
РОССИЯ,Скрепка непрерывная,"Скрепка 15-09/5х1,75","Скрепка Н10-15-09/5х1,75-П-ОМ",089406,480
РОССИЯ,Скрепка непрерывная,"Скрепка 15-09/5х1,75","Скрепка Н10-15-09/5х1,75-П-СМ",089404,480
РОССИЯ,Скрепка непрерывная,"Скрепка 15-09/5х1,75","Скрепка Н10-15-09/5х1,75-П-СТ",089403,480
РОССИЯ,Скрепка непрерывная,"Скрепка 15-09/5х1,75","Скрепка Н10-15-09/5х1,75-П-Т",089402,480
РОССИЯ,Скрепка непрерывная,"Скрепка 17-09/5х2,00","Скрепка ""17-09/5х2,00 П-СМ-0.1-4000""",124071,586
РОССИЯ,Скрепка непрерывная,"Скрепка 18-07/5X1,75","Скрепка 18-07/5X1,75 для колбасных батонов 83-219420",078432,537
РОССИЯ,Скрепка непрерывная,"Скрепка 18-07/5х1,50","Скрепка ""18-07/5х1,50 П-СМ-0.1-4000""",121001,482
РОССИЯ,Скрепка непрерывная,"Скрепка 18-07/5х1,75","Скрепка ""18-07/5х1,75 Л-М-0.1-4000""",110566,537
РОССИЯ,Скрепка непрерывная,"Скрепка 18-07/5х1,75","Скрепка ""18-07/5х1,75 Л-СМ-0.1-4000""",110565,537
РОССИЯ,Скрепка непрерывная,"Скрепка 18-07/5х1,75","Скрепка ""18-07/5х1,75 Л-Т-0.1-4000""",117820,537
РОССИЯ,Скрепка непрерывная,"Скрепка 18-07/5х1,75","Скрепка ""18-07/5х1,75 П-М-0.1-4000""",110564,537
РОССИЯ,Скрепка непрерывная,"Скрепка 18-07/5х1,75","Скрепка ""18-07/5х1,75 П-СМ-0.1-4000""",110563,537
РОССИЯ,Скрепка непрерывная,"Скрепка 18-07/5х1,75","Скрепка Н12-18-07/5х1,75-Л-М",089420,537
РОССИЯ,Скрепка непрерывная,"Скрепка 18-07/5х1,75","Скрепка Н12-18-07/5х1,75-Л-ОМ",089421,537
РОССИЯ,Скрепка непрерывная,"Скрепка 18-07/5х1,75","Скрепка Н12-18-07/5х1,75-Л-СМ",089419,537
РОССИЯ,Скрепка непрерывная,"Скрепка 18-07/5х1,75","Скрепка Н12-18-07/5х1,75-Л-СТ",089418,537
РОССИЯ,Скрепка непрерывная,"Скрепка 18-07/5х1,75","Скрепка Н12-18-07/5х1,75-Л-Т",089417,537
РОССИЯ,Скрепка непрерывная,"Скрепка 18-07/5х1,75","Скрепка Н12-18-07/5х1,75-П-М",089415,537
РОССИЯ,Скрепка непрерывная,"Скрепка 18-07/5х1,75","Скрепка Н12-18-07/5х1,75-П-ОМ",089416,537
РОССИЯ,Скрепка непрерывная,"Скрепка 18-07/5х1,75","Скрепка Н12-18-07/5х1,75-П-СМ",089414,537
РОССИЯ,Скрепка непрерывная,"Скрепка 18-07/5х1,75","Скрепка Н12-18-07/5х1,75-П-СТ",089413,537
РОССИЯ,Скрепка непрерывная,"Скрепка 18-07/5х1,75","Скрепка Н12-18-07/5х1,75-П-Т",089412,537
РОССИЯ,Скрепка непрерывная,"Скрепка 18-09/5х1,75","Скрепка ""18-09/5х1,75 Л-М-0.1-4000""",110570,561
РОССИЯ,Скрепка непрерывная,"Скрепка 18-09/5х1,75","Скрепка ""18-09/5х1,75 Л-СМ-0.1-4000""",110569,561
РОССИЯ,Скрепка непрерывная,"Скрепка 18-09/5х1,75","Скрепка ""18-09/5х1,75 П-М-0.1-4000""",110568,561
РОССИЯ,Скрепка непрерывная,"Скрепка 18-09/5х1,75","Скрепка ""18-09/5х1,75 П-СМ-0.1-4000""",110567,561
РОССИЯ,Скрепка непрерывная,"Скрепка 18-09/5х1,75","Скрепка ""18-09/5х1,75 П-СМ-0.3-4000""",116341,561
РОССИЯ,Скрепка непрерывная,"Скрепка 18-09/5х1,75","Скрепка ""18-09/5х1,75 П-Т-0.1-4000""",117821,561
РОССИЯ,Скрепка непрерывная,"Скрепка 18-09/5х1,75","Скрепка ""18-09/5х1,75 П-Т-0.3-4000""",117823,561
РОССИЯ,Скрепка непрерывная,"Скрепка 18-09/5х1,75","Скрепка Н13-18-09/5х1,75-Л-М",089430,561
РОССИЯ,Скрепка непрерывная,"Скрепка 18-09/5х1,75","Скрепка Н13-18-09/5х1,75-Л-ОМ",089431,561
РОССИЯ,Скрепка непрерывная,"Скрепка 18-09/5х1,75","Скрепка Н13-18-09/5х1,75-Л-СМ",089429,561
РОССИЯ,Скрепка непрерывная,"Скрепка 18-09/5х1,75","Скрепка Н13-18-09/5х1,75-Л-СТ",089428,561
РОССИЯ,Скрепка непрерывная,"Скрепка 18-09/5х1,75","Скрепка Н13-18-09/5х1,75-Л-Т",089427,561
РОССИЯ,Скрепка непрерывная,"Скрепка 18-09/5х1,75","Скрепка Н13-18-09/5х1,75-П-М",089425,561
РОССИЯ,Скрепка непрерывная,"Скрепка 18-09/5х1,75","Скрепка Н13-18-09/5х1,75-П-ОМ",089426,561
РОССИЯ,Скрепка непрерывная,"Скрепка 18-09/5х1,75","Скрепка Н13-18-09/5х1,75-П-СМ",053379,561
РОССИЯ,Скрепка непрерывная,"Скрепка 18-09/5х1,75","Скрепка Н13-18-09/5х1,75-П-СТ",089423,561
РОССИЯ,Скрепка непрерывная,"Скрепка 18-09/5х1,75","Скрепка Н13-18-09/5х1,75-П-Т",089422,561
РОССИЯ,Скрепка непрерывная,"Скрепка 18-09/5х2,00 Л","Скрепка ""18-09/5х2,00 Л-М-0.1-4000""",110592,586
РОССИЯ,Скрепка непрерывная,"Скрепка 18-09/5х2,00 Л","Скрепка ""18-09/5х2,00 Л-М-0.2-4000""",110593,586
РОССИЯ,Скрепка непрерывная,"Скрепка 18-09/5х2,00 Л","Скрепка ""18-09/5х2,00 Л-М-0.3-4000""",110594,586
РОССИЯ,Скрепка непрерывная,"Скрепка 18-09/5х2,00 Л","Скрепка ""18-09/5х2,00 Л-ОМ-0.1-4000""",111913,586
РОССИЯ,Скрепка непрерывная,"Скрепка 18-09/5х2,00 Л","Скрепка ""18-09/5х2,00 Л-СМ-0.1-4000""",110589,586
РОССИЯ,Скрепка непрерывная,"Скрепка 18-09/5х2,00 Л","Скрепка ""18-09/5х2,00 Л-СМ-0.2-4000""",110590,586
РОССИЯ,Скрепка непрерывная,"Скрепка 18-09/5х2,00 Л","Скрепка ""18-09/5х2,00 Л-СМ-0.3-4000""",110591,586
РОССИЯ,Скрепка непрерывная,"Скрепка 18-09/5х2,00 Л","Скрепка ""18-09/5х2,00 Л-Т-0.1-4000""",117824,586
РОССИЯ,Скрепка непрерывная,"Скрепка 18-09/5х2,00 Л","Скрепка ""18-09/5х2,00 Л-Т-0.3-4000""",117825,586
РОССИЯ,Скрепка непрерывная,"Скрепка 18-09/5х2,00 Л","Скрепка Н14-18-09/5х2,00-Л-М",089460,586
РОССИЯ,Скрепка непрерывная,"Скрепка 18-09/5х2,00 Л","Скрепка Н14-18-09/5х2,00-Л-ОМ",089461,586
РОССИЯ,Скрепка непрерывная,"Скрепка 18-09/5х2,00 Л","Скрепка Н14-18-09/5х2,00-Л-СМ",076572,586
РОССИЯ,Скрепка непрерывная,"Скрепка 18-09/5х2,00 Л","Скрепка Н14-18-09/5х2,00-Л-СМ Алжир",105971,586
РОССИЯ,Скрепка непрерывная,"Скрепка 18-09/5х2,00 Л","Скрепка Н14-18-09/5х2,00-Л-СТ",089458,586
РОССИЯ,Скрепка непрерывная,"Скрепка 18-09/5х2,00 Л","Скрепка Н14-18-09/5х2,00-Л-Т",089457,586
РОССИЯ,Скрепка непрерывная,"Скрепка 18-09/5х2,00 Л",Скрепка непрерывная Н14-18-09/5х2 (Н14 Skawina ),076573,586
РОССИЯ,Скрепка непрерывная,"Скрепка 18-09/5х2,00 П","Скрепка ""18-09/5х2,00 П-М-0.1-4000""",110586,586
РОССИЯ,Скрепка непрерывная,"Скрепка 18-09/5х2,00 П","Скрепка ""18-09/5х2,00 П-М-0.2-4000""",110587,586
РОССИЯ,Скрепка непрерывная,"Скрепка 18-09/5х2,00 П","Скрепка ""18-09/5х2,00 П-М-0.3-4000""",110588,586
РОССИЯ,Скрепка непрерывная,"Скрепка 18-09/5х2,00 П","Скрепка ""18-09/5х2,00 П-ОМ-0.1-4000""",111912,586
РОССИЯ,Скрепка непрерывная,"Скрепка 18-09/5х2,00 П","Скрепка ""18-09/5х2,00 П-СМ-0.1-4000""",110583,586
РОССИЯ,Скрепка непрерывная,"Скрепка 18-09/5х2,00 П","Скрепка ""18-09/5х2,00 П-СМ-0.2-4000""",110584,586
РОССИЯ,Скрепка непрерывная,"Скрепка 18-09/5х2,00 П","Скрепка ""18-09/5х2,00 П-СМ-0.3-4000""",110585,586
РОССИЯ,Скрепка непрерывная,"Скрепка 18-09/5х2,00 П","Скрепка ""18-09/5х2,00 П-СМ-0.4-4000""",144597,586
РОССИЯ,Скрепка непрерывная,"Скрепка 18-09/5х2,00 П","Скрепка ""18-09/5х2,00 П-Т-0.1-4000""",117826,586
РОССИЯ,Скрепка непрерывная,"Скрепка 18-09/5х2,00 П","Скрепка ""18-09/5х2,00 П-Т-0.2-4000""",117827,586
РОССИЯ,Скрепка непрерывная,"Скрепка 18-09/5х2,00 П","Скрепка ""18-09/5х2,00 П-Т-0.3-4000""",117828,586
РОССИЯ,Скрепка непрерывная,"Скрепка 18-09/5х2,00 П","Скрепка Н14-18-09/5х2,00-П-М",085768,586
РОССИЯ,Скрепка непрерывная,"Скрепка 18-09/5х2,00 П","Скрепка Н14-18-09/5х2,00-П-ОМ",089456,586
РОССИЯ,Скрепка непрерывная,"Скрепка 18-09/5х2,00 П","Скрепка Н14-18-09/5х2,00-П-СМ",053380,586
РОССИЯ,Скрепка непрерывная,"Скрепка 18-09/5х2,00 П","Скрепка Н14-18-09/5х2,00-П-СТ",089452,586
РОССИЯ,Скрепка непрерывная,"Скрепка 18-09/5х2,00 П","Скрепка Н14-18-09/5х2,00-П-Т",089454,586
РОССИЯ,Скрепка непрерывная,"Скрепка 18-10/5X2,2","Скрепка 18-10/5X2,2 для колбасных батонов 83-219580/35",077263,668
РОССИЯ,Скрепка непрерывная,"Скрепка 18-11/5х2,00 Л","Скрепка ""18-11/5х2,00 Л-М-0.1-3000""",110600,668
РОССИЯ,Скрепка непрерывная,"Скрепка 18-11/5х2,00 Л","Скрепка ""18-11/5х2,00 Л-СМ-0.1-3000""",110599,668
РОССИЯ,Скрепка непрерывная,"Скрепка 18-11/5х2,00 Л","Скрепка ""18-11/5х2,00 Л-Т-0.1-3000""",117829,668
РОССИЯ,Скрепка непрерывная,"Скрепка 18-11/5х2,00 Л","Скрепка Н17-18-11/5х2,00-Л-М",089440,668
РОССИЯ,Скрепка непрерывная,"Скрепка 18-11/5х2,00 Л","Скрепка Н17-18-11/5х2,00-Л-ОМ",089441,668
РОССИЯ,Скрепка непрерывная,"Скрепка 18-11/5х2,00 Л","Скрепка Н17-18-11/5х2,00-Л-СМ",089434,668
РОССИЯ,Скрепка непрерывная,"Скрепка 18-11/5х2,00 Л","Скрепка Н17-18-11/5х2,00-Л-СТ",089438,668
РОССИЯ,Скрепка непрерывная,"Скрепка 18-11/5х2,00 Л","Скрепка Н17-18-11/5х2,00-Л-Т",089437,668
РОССИЯ,Скрепка непрерывная,"Скрепка 18-11/5х2,00 П","Скрепка ""18-11/5х2,00 П-М-0.1-3000""",110598,668
РОССИЯ,Скрепка непрерывная,"Скрепка 18-11/5х2,00 П","Скрепка ""18-11/5х2,00 П-СМ-0.1-3000""",110597,668
РОССИЯ,Скрепка непрерывная,"Скрепка 18-11/5х2,00 П","Скрепка ""18-11/5х2,00 П-Т-0.1-3000""",117830,668
РОССИЯ,Скрепка непрерывная,"Скрепка 18-11/5х2,00 П","Скрепка Н17-18-11/5х2,00-П-М",089435,668
РОССИЯ,Скрепка непрерывная,"Скрепка 18-11/5х2,00 П","Скрепка Н17-18-11/5х2,00-П-ОМ",089436,668
РОССИЯ,Скрепка непрерывная,"Скрепка 18-11/5х2,00 П","Скрепка Н17-18-11/5х2,00-П-СМ",053381,668
РОССИЯ,Скрепка непрерывная,"Скрепка 18-11/5х2,00 П","Скрепка Н17-18-11/5х2,00-П-СТ",089433,668
РОССИЯ,Скрепка непрерывная,"Скрепка 18-11/5х2,00 П","Скрепка Н17-18-11/5х2,00-П-Т",089432,668
РОССИЯ,Скрепка непрерывная,"Скрепка 18-11/5х2,20","Скрепка ""18-11/5х2,20 Л-М-0.1-3000""",110605,697
РОССИЯ,Скрепка непрерывная,"Скрепка 18-11/5х2,20","Скрепка ""18-11/5х2,20 Л-СМ-0.1-3000""",110604,697
РОССИЯ,Скрепка непрерывная,"Скрепка 18-11/5х2,20","Скрепка ""18-11/5х2,20 П-М-0.1-3000""",110603,697
РОССИЯ,Скрепка непрерывная,"Скрепка 18-11/5х2,20","Скрепка ""18-11/5х2,20 П-СМ-0.1-3000""",110601,697
РОССИЯ,Скрепка непрерывная,"Скрепка 18-11/5х2,20","Скрепка ""18-11/5х2,20 П-Т-0.1-3000""",117831,697
РОССИЯ,Скрепка непрерывная,"Скрепка 18-11/5х2,20","Скрепка Н18-18-11/5х2,20-Л-М",089450,697
РОССИЯ,Скрепка непрерывная,"Скрепка 18-11/5х2,20","Скрепка Н18-18-11/5х2,20-Л-ОМ",089451,697
РОССИЯ,Скрепка непрерывная,"Скрепка 18-11/5х2,20","Скрепка Н18-18-11/5х2,20-Л-СМ",089449,697
РОССИЯ,Скрепка непрерывная,"Скрепка 18-11/5х2,20","Скрепка Н18-18-11/5х2,20-Л-СТ",089448,697
РОССИЯ,Скрепка непрерывная,"Скрепка 18-11/5х2,20","Скрепка Н18-18-11/5х2,20-Л-Т",089447,697
РОССИЯ,Скрепка непрерывная,"Скрепка 18-11/5х2,20","Скрепка Н18-18-11/5х2,20-П-М",089445,697
РОССИЯ,Скрепка непрерывная,"Скрепка 18-11/5х2,20","Скрепка Н18-18-11/5х2,20-П-ОМ",089446,697
РОССИЯ,Скрепка непрерывная,"Скрепка 18-11/5х2,20","Скрепка Н18-18-11/5х2,20-П-СМ",089444,697
РОССИЯ,Скрепка непрерывная,"Скрепка 18-11/5х2,20","Скрепка Н18-18-11/5х2,20-П-СТ",089443,697
РОССИЯ,Скрепка непрерывная,"Скрепка 18-11/5х2,20","Скрепка Н18-18-11/5х2,20-П-Т",089442,697
РОССИЯ,Скрепка непрерывная,"Скрепка 18-12/5х2,00","Скрепка ""18-12/5х2,00 П-СМ-0.1-3000""",125279,689
РОССИЯ,Скрепка непрерывная,"Скрепка 18-12/5х2,00","Скрепка ""18-13/5х2,00 П-СМ-0.1-3000""",142235,689
РОССИЯ,Скрепка непрерывная,"Скрепка 18-12/5х2,00","Скрепка Н19-18-12/5х2,00-Л-М",089608,689
РОССИЯ,Скрепка непрерывная,"Скрепка 18-12/5х2,00","Скрепка Н19-18-12/5х2,00-Л-ОМ",089609,689
РОССИЯ,Скрепка непрерывная,"Скрепка 18-12/5х2,00","Скрепка Н19-18-12/5х2,00-Л-СМ",089607,689
РОССИЯ,Скрепка непрерывная,"Скрепка 18-12/5х2,00","Скрепка Н19-18-12/5х2,00-Л-СТ",089606,689
РОССИЯ,Скрепка непрерывная,"Скрепка 18-12/5х2,00","Скрепка Н19-18-12/5х2,00-Л-Т",089605,689
РОССИЯ,Скрепка непрерывная,"Скрепка 18-12/5х2,00","Скрепка Н19-18-12/5х2,00-П-М",089603,689
РОССИЯ,Скрепка непрерывная,"Скрепка 18-12/5х2,00","Скрепка Н19-18-12/5х2,00-П-ОМ",089604,689
РОССИЯ,Скрепка непрерывная,"Скрепка 18-12/5х2,00","Скрепка Н19-18-12/5х2,00-П-СТ",089601,689
РОССИЯ,Скрепка непрерывная,"Скрепка 18-12/5х2,00","Скрепка Н19-18-12/5х2,00-П-Т",089600,689
РОССИЯ,Скрепка непрерывная,"Скрепка 18-12/5х2,00","Скрепка непрерывная 18-12/5х2,0",12,689
РОССИЯ,Скрепка непрерывная,"Скрепка 18-12/5х2,20","Скрепка ""18-12/5х2,20 Л-М-0.1-3000""",110609,746
РОССИЯ,Скрепка непрерывная,"Скрепка 18-12/5х2,20","Скрепка ""18-12/5х2,20 Л-СМ-0.1-3000""",110608,746
РОССИЯ,Скрепка непрерывная,"Скрепка 18-12/5х2,20","Скрепка ""18-12/5х2,20 П-М-0.1-3000""",110607,746
РОССИЯ,Скрепка непрерывная,"Скрепка 18-12/5х2,20","Скрепка ""18-12/5х2,20 П-СМ-0.1-3000""",110606,746
РОССИЯ,Скрепка непрерывная,"Скрепка 18-12/5х2,20","Скрепка Н20-18-12/5х2,20-Л-М",089597,746
РОССИЯ,Скрепка непрерывная,"Скрепка 18-12/5х2,20","Скрепка Н20-18-12/5х2,20-Л-ОМ",089598,746
РОССИЯ,Скрепка непрерывная,"Скрепка 18-12/5х2,20","Скрепка Н20-18-12/5х2,20-Л-СМ",089596,746
РОССИЯ,Скрепка непрерывная,"Скрепка 18-12/5х2,20","Скрепка Н20-18-12/5х2,20-Л-СТ",089594,746
РОССИЯ,Скрепка непрерывная,"Скрепка 18-12/5х2,20","Скрепка Н20-18-12/5х2,20-Л-Т",089593,746
РОССИЯ,Скрепка непрерывная,"Скрепка 18-12/5х2,20","Скрепка Н20-18-12/5х2,20-П-М",089591,746
РОССИЯ,Скрепка непрерывная,"Скрепка 18-12/5х2,20","Скрепка Н20-18-12/5х2,20-П-ОМ",089592,746
РОССИЯ,Скрепка непрерывная,"Скрепка 18-12/5х2,20","Скрепка Н20-18-12/5х2,20-П-СМ",089590,746
РОССИЯ,Скрепка непрерывная,"Скрепка 18-12/5х2,20","Скрепка Н20-18-12/5х2,20-П-СТ",089589,746
РОССИЯ,Скрепка непрерывная,"Скрепка 18-12/5х2,20","Скрепка Н20-18-12/5х2,20-П-Т",089588,746
РОССИЯ,Скрепка П образная,"Скрепка ""РСS2 CМ""","Скрепка ""РСS2 CМ""",125334,871
РОССИЯ,Скрепка П образная,"Скрепка ""РСS3 CМ""","Скрепка ""РСS3 CМ""",125341,912
РОССИЯ,Скрепка П образная,Скрепка E2,"Скрепка ""Е2 Т""",120432,853
РОССИЯ,Скрепка П образная,Скрепка А1,"Скрепка ""А1 СМ""",117741,216
РОССИЯ,Скрепка П образная,Скрепка А2,"Скрепка ""А2 СМ""",117742,216
РОССИЯ,Скрепка П образная,Скрепка А3,"Скрепка ""А3 СМ""",117743,224
РОССИЯ,Скрепка П образная,Скрепка В1,"Скрепка ""В1 СМ""",117745,328
РОССИЯ,Скрепка П образная,Скрепка В2,"Скрепка ""В2 Х-СМ""",117747,352
РОССИЯ,Скрепка П образная,Скрепка В2,"Скрепка ""В2 Х-Т""",121901,352
РОССИЯ,Скрепка П образная,Скрепка В2,Скрепка В2-T,117747,352
РОССИЯ,Скрепка П образная,Скрепка В3,"Скрепка ""В3 СМ""",117749,402
РОССИЯ,Скрепка П образная,Скрепка В4,Скрепка В4,144137,443
РОССИЯ,Скрепка П образная,Скрепка ВР1,"Скрепка ""ВР1 СМ""",117751,369
РОССИЯ,Скрепка П образная,Скрепка ВР2,"Скрепка ""ВР2 Х-СМ""",117753,393
РОССИЯ,Скрепка П образная,Скрепка ВР2,"Скрепка ""ВР2 Х-Т""",118890,393
РОССИЯ,Скрепка П образная,Скрепка ВР3,"Скрепка ""ВР3 СМ""",117755,451
РОССИЯ,Скрепка П образная,Скрепка ВР4,"Скрепка ""ВР4 Х-СМ""",144148,496
РОССИЯ,Скрепка П образная,Скрепка Е,"Скрепка ""Е СМ""",118716,696
РОССИЯ,Скрепка П образная,Скрепка Е,"Скрепка ""Е1 СМ""",117756,696
РОССИЯ,Скрепка П образная,Скрепка Е1,"Скрепка ""Е1 СМ""",117756,774
РОССИЯ,Скрепка П образная,Скрепка Е2,"Скрепка ""Е2 СМ""",117758,853
РОССИЯ,Скрепка П образная,Скрепка Е2,"Скрепка ""Е2 Т""",120432,853
РОССИЯ,Скрепка П образная,Скрепка Е3,"Скрепка ""Е3 СМ""",117760,944
РОССИЯ,Скрепка П образная,Скрепка Е4,"Скрепка ""Е4 СМ""",117762,963
РОССИЯ,Скрепка П образная,Скрепка Е4,"Скрепка ""Е4 Х-СМ""",117762,963
РОССИЯ,Скрепка П образная,Скрепка РСА1,"Скрепка ""РСА1 СМ""",117770,353
РОССИЯ,Скрепка П образная,Скрепка РСА2,"Скрепка ""РСА2 СМ""",124654,376
РОССИЯ,Скрепка П образная,Скрепка РСА3,"Скрепка ""РСА3 СМ""",117772,408
РОССИЯ,Скрепка П образная,Скрепка РСА4,"Скрепка ""РСА4 СМ""",117773,472
РОССИЯ,Скрепка П образная,Скрепка РСЕ1,"Скрепка ""РСЕ1 СМ""",117775,330
РОССИЯ,Скрепка П образная,Скрепка РСЕ2,"Скрепка ""РСЕ2 СМ""",117777,339
РОССИЯ,Скрепка П образная,Скрепка РСЕ3,"Скрепка ""РСЕ3 СМ""",117779,362
РОССИЯ,Скрепка П образная,Скрепка РСЕ4,"Скрепка ""РСЕ4 СМ""",117781,372
РОССИЯ,Скрепка П образная,Скрепка РСС1,"Скрепка ""РСС1 М""",117783,582
РОССИЯ,Скрепка П образная,Скрепка РСС2,"Скрепка ""РСС2 Х-СМ""",117785,651
РОССИЯ,Скрепка П образная,Скрепка РСС3,"Скрепка ""РСС3 М""",117788,715
РОССИЯ,Скрепка П образная,Скрепка РСС4,"Скрепка ""РСС4 СМ""",117790,734
РОССИЯ,Скрепка П образная,Скрепка РСХ1,"Скрепка ""РСХ1 СМ""",125290,174
РОССИЯ,Скрепка П образная,Скрепка РСХ2,"Скрепка ""РСХ-2 СМ""",122547,184
РОССИЯ,Скрепка П образная,Скрепка ТПЖ1,"Скрепка ""ТПЖ1 СМ""",117795,637
РОССИЯ,Скрепка П образная,Скрепка ТПЖ2,"Скрепка ""ТПЖ2 СМ""",117797,706
РОССИЯ,Скрепка П образная,Скрепка ТПЖ3,"Скрепка ""ТПЖ3 СМ""",117798,766
РОССИЯ,Скрепка П образная,Скрепка ТРК1,"Скрепка ""ТРК1 СМ""",117804,329
РОССИЯ,Скрепка П образная,Скрепка ТРК2,"Скрепка ""ТРК2 СМ""",117806,338
РОССИЯ,Скрепка П образная,Скрепка ТРК3,"Скрепка ""ТРК3 СМ""",117809,363
РОССИЯ,Скрепка П образная,Скрепка ТРТ1,"Скрепка ""ТРТ1 СМ""",117801,372
РОССИЯ,Скрепка П образная,Скрепка ТРТ2,"Скрепка ""ТРТ2 СМ""",117802,399
РОССИЯ,Скрепка П образная,Скрепка ТРТ3,"Скрепка ""ТРТ3 СМ""",117803,413
РОССИЯ,Скрепка П образная,Скрепка ТРТН1,"Скрепка ""ТРТ3 СМ""",117803,413
Общий,Материал для маркировки,Лента этикетировочная «КОМПО» 12/20,Лента для термической наклейки  шпагатных  петель (КОМПО-04) 25 мм,66474,19.07
Общий,Материал для маркировки,Лента этикетировочная «КОМПО» 12/20,Лента для ультразвуковой наклейки петель шпагатных 15мм,77790,19.07
Общий,Материал для маркировки,Лента этикетировочная «КОМПО» 12/20,Лента термоклейкая скрепочная (8мм х 300м),53366,19.07
Общий,Материал для маркировки,Лента этикетировочная «КОМПО» 12/20,Лента этикетировочная «КОМПО» 12/20,053357,19.07
Общий,Материал для маркировки,Лента этикетировочная «КОМПО-1П» 12/20,Лента этикетировочная «КОМПО-1П» 12/20,053360,21.93
Общий,Петля поперечная,Петля шпагатная КОМПО-20/100,"Петля шпагатная ""КОМПО-20/100-3500 Бежевый""",110498,3.3440000000000003
Общий,Петля поперечная,Петля шпагатная КОМПО-20/100,"Петля шпагатная ""КОМПО-20/100-3500 Белый""",110497,3.3440000000000003
Общий,Петля поперечная,Петля шпагатная КОМПО-20/100,"Петля шпагатная ""КОМПО-20/100-3500 Желтый""",110502,3.3440000000000003
Общий,Петля поперечная,Петля шпагатная КОМПО-20/100,"Петля шпагатная ""КОМПО-20/100-3500 Желтый""",146291,3.3440000000000003
Общий,Петля поперечная,Петля шпагатная КОМПО-20/100,"Петля шпагатная ""КОМПО-20/100-3500 Зеленый""",110501,3.3440000000000003
Общий,Петля поперечная,Петля шпагатная КОМПО-20/100,"Петля шпагатная ""КОМПО-20/100-3500 Зеленый""",146290,3.3440000000000003
Общий,Петля поперечная,Петля шпагатная КОМПО-20/100,"Петля шпагатная ""КОМПО-20/100-3500 Красный""",110499,3.3440000000000003
Общий,Петля поперечная,Петля шпагатная КОМПО-20/100,"Петля шпагатная ""КОМПО-20/100-3500 Синий""",110500,3.3440000000000003
Общий,Петля поперечная,Петля шпагатная КОМПО-20/100,"Петля шпагатная ""КОМПО-20/100-3500 Черный""",110504,3.3440000000000003
Общий,Петля поперечная,Петля шпагатная КОМПО-20/100,"Петля шпагатная ""КОМПО-20/100-3500 Черный""",145087,3.3440000000000003
Общий,Петля поперечная,Петля шпагатная КОМПО-20/100,"Петля шпагатная ""КОМПО-20/100-4000 Красный""",128293,3.3440000000000003
Общий,Петля поперечная,Петля шпагатная КОМПО-20/100 с/к,"Петля шпагатная ""КОМПО-20/100-3500 Бежевый""",127010,3.3440000000000003
Общий,Петля поперечная,Петля шпагатная КОМПО-20/100 с/к,"Петля шпагатная ""КОМПО-20/100-3500 Бело-красный""",144584,3.3440000000000003
Общий,Петля поперечная,Петля шпагатная КОМПО-20/100 с/к,"Петля шпагатная ""КОМПО-20/100-3500 Бело-синий""",144594,3.3440000000000003
Общий,Петля поперечная,Петля шпагатная КОМПО-20/100 с/к,"Петля шпагатная ""КОМПО-20/100-3500 Белый""",127011,3.3440000000000003
Общий,Петля поперечная,Петля шпагатная КОМПО-20/100 с/к,"Петля шпагатная ""КОМПО-20/100-3500 Желтый""",134431,3.3440000000000003
Общий,Петля поперечная,Петля шпагатная КОМПО-20/100 с/к,"Петля шпагатная ""КОМПО-20/100-3500 Зеленый""",134436,3.3440000000000003
Общий,Петля поперечная,Петля шпагатная КОМПО-20/100 с/к,"Петля шпагатная ""КОМПО-20/100-3500 Красный""",134437,3.3440000000000003
Общий,Петля поперечная,Петля шпагатная КОМПО-20/100 с/к,"Петля шпагатная ""КОМПО-20/100-3500 Синий""",134362,3.3440000000000003
Общий,Петля поперечная,Петля шпагатная КОМПО-20/100 с/к,"Петля шпагатная ""КОМПО-20/100-3500 Черный""",145379,3.3440000000000003
Общий,Петля поперечная,Петля шпагатная КОМПО-22/100,"Петля шпагатная ""КОМПО-22/100-3500 Бежевый""",110520,3.5420000000000003
Общий,Петля поперечная,Петля шпагатная КОМПО-22/100,"Петля шпагатная ""КОМПО-22/100-3500 Белый""",110519,3.5420000000000003
Общий,Петля поперечная,Петля шпагатная КОМПО-22/100,"Петля шпагатная ""КОМПО-22/100-3500 Желтый""",110524,3.5420000000000003
Общий,Петля поперечная,Петля шпагатная КОМПО-22/100,"Петля шпагатная ""КОМПО-22/100-3500 Зеленый""",110523,3.5420000000000003
Общий,Петля поперечная,Петля шпагатная КОМПО-22/100,"Петля шпагатная ""КОМПО-22/100-3500 Красный""",110521,3.5420000000000003
Общий,Петля поперечная,Петля шпагатная КОМПО-22/100,"Петля шпагатная ""КОМПО-22/100-3500 Синий""",110522,3.5420000000000003
Общий,Петля поперечная,Петля шпагатная КОМПО-22/100,"Петля шпагатная ""КОМПО-22/100-3500 Черный""",110525,3.5420000000000003
Общий,Петля поперечная,Петля шпагатная КОМПО-22/100 с/к,"Петля шпагатная ""КОМПО-22/100-3500 Желтый""",134459,3.5420000000000003
Общий,Петля поперечная,Петля шпагатная КОМПО-22/100 с/к,"Петля шпагатная ""КОМПО-22/100-3500 Зеленый""",134462,3.5420000000000003
Общий,Петля поперечная,Петля шпагатная КОМПО-22/100 с/к,"Петля шпагатная ""КОМПО-22/100-3500 Красный""",134464,3.5420000000000003
Общий,Петля поперечная,Петля шпагатная КОМПО-22/100 с/к,"Петля шпагатная ""КОМПО-22/100-3500 Синий""",134466,3.5420000000000003
Общий,Петля поперечная,Петля шпагатная КОМПО-25/100,"Петля шпагатная ""КОМПО-25/100-3000 Белый""",110505,3.443
Общий,Петля поперечная,Петля шпагатная КОМПО-25/100,"Петля шпагатная ""КОМПО-25/100-3000 Белый""",110513,3.443
Общий,Петля поперечная,Петля шпагатная КОМПО-25/100,"Петля шпагатная ""КОМПО-25/100-3500 Бежевый""",110506,3.443
Общий,Петля поперечная,Петля шпагатная КОМПО-25/100,"Петля шпагатная ""КОМПО-25/100-3500 Белый""",110505,3.443
Общий,Петля поперечная,Петля шпагатная КОМПО-25/100,"Петля шпагатная ""КОМПО-25/100-3500 Желтый""",110511,3.443
Общий,Петля поперечная,Петля шпагатная КОМПО-25/100,"Петля шпагатная ""КОМПО-25/100-3500 Зеленый""",110510,3.443
Общий,Петля поперечная,Петля шпагатная КОМПО-25/100,"Петля шпагатная ""КОМПО-25/100-3500 Красный""",110507,3.443
Общий,Петля поперечная,Петля шпагатная КОМПО-25/100,"Петля шпагатная ""КОМПО-25/100-3500 Синий""",110509,3.443
Общий,Петля поперечная,Петля шпагатная КОМПО-25/100,"Петля шпагатная ""КОМПО-25/100-3500 Черный""",145088,3.443
Общий,Петля поперечная,Петля шпагатная КОМПО-25/100,"Петля шпагатная ""КОМПО-25/100-4000 Красный""",110507,3.443
Общий,Петля поперечная,Петля шпагатная КОМПО-25/100 с/к,"Петля шпагатная ""КОМПО-25/100-3000 Белый""",110513,3.443
Общий,Петля поперечная,Петля шпагатная КОМПО-25/100 с/к,"Петля шпагатная ""КОМПО-25/100-3500 Бежевый""",135094,3.443
Общий,Петля поперечная,Петля шпагатная КОМПО-25/100 с/к,"Петля шпагатная ""КОМПО-25/100-3500 Бежевый""",135102,3.443
Общий,Петля поперечная,Петля шпагатная КОМПО-25/100 с/к,"Петля шпагатная ""КОМПО-25/100-3500 Белый""",110505,3.443
Общий,Петля поперечная,Петля шпагатная КОМПО-25/100 с/к,"Петля шпагатная ""КОМПО-25/100-3500 Желтый""",134449,3.443
Общий,Петля поперечная,Петля шпагатная КОМПО-25/100 с/к,"Петля шпагатная ""КОМПО-25/100-3500 Зеленый""",134451,3.443
Общий,Петля поперечная,Петля шпагатная КОМПО-25/100 с/к,"Петля шпагатная ""КОМПО-25/100-3500 Красный""",134454,3.443
Общий,Петля поперечная,Петля шпагатная КОМПО-25/100 с/к,"Петля шпагатная ""КОМПО-25/100-3500 Синий""",134455,3.443
Общий,Петля продольная,Петля шпагатная КОМПО-02,"Петля шпагатная ""КОМПО-04-2000 Белый""",115741,5.819
Общий,Петля продольная,Петля шпагатная КОМПО-04,"Петля шпагатная ""КОМПО-04"" (1тыс.шт)",110476,5.82
Общий,Петля продольная,Петля шпагатная КОМПО-04,"Петля шпагатная ""КОМПО-04-5000 Бежевый""",141164,5.82
Общий,Петля продольная,Петля шпагатная КОМПО-04,"Петля шпагатная ""КОМПО-04-5000 Белый""",110476,5.82
Общий,Петля продольная,Петля шпагатная КОМПО-04,"Петля шпагатная ""КОМПО-04-5000 Желтый""",110482,5.82
Общий,Петля продольная,Петля шпагатная КОМПО-04,"Петля шпагатная ""КОМПО-04-5000 Зеленый""",110483,5.82
Общий,Петля продольная,Петля шпагатная КОМПО-04,"Петля шпагатная ""КОМПО-04-5000 Красный""",110479,5.82
Общий,Петля продольная,Петля шпагатная КОМПО-04,"Петля шпагатная ""КОМПО-04-5000 Оранжевый""",110484,5.82
Общий,Петля продольная,Петля шпагатная КОМПО-04,"Петля шпагатная ""КОМПО-04-5000 Синий""",110481,5.82
Общий,Петля продольная,Петля шпагатная КОМПО-04,"Петля шпагатная ""КОМПО-04-5000 Фиолетовый""",110486,5.82
Общий,Петля штучная,Петля шпагатная КОМПО-110,"Петля шпагатная ""КОМПО-110-10000 Бежевый""",110461,1.661
Общий,Петля штучная,Петля шпагатная КОМПО-110,"Петля шпагатная ""КОМПО-110-10000 Белый""",110460,1.661
Общий,Петля штучная,Петля шпагатная КОМПО-110,"Петля шпагатная ""КОМПО-110-10000 Желтый""",110464,1.661
Общий,Петля штучная,Петля шпагатная КОМПО-110,"Петля шпагатная ""КОМПО-110-10000 Зеленый""",110465,1.661
Общий,Петля штучная,Петля шпагатная КОМПО-110,"Петля шпагатная ""КОМПО-110-10000 Красный""",110462,1.661
Общий,Петля штучная,Петля шпагатная КОМПО-110,"Петля шпагатная ""КОМПО-110-10000 Оранжевый""",110466,1.661
Общий,Петля штучная,Петля шпагатная КОМПО-110,"Петля шпагатная ""КОМПО-110-10000 Синий""",110463,1.661
Общий,Петля штучная,Петля шпагатная КОМПО-110,"Петля шпагатная ""КОМПО-110-10000 Фиолетовый""",110467,1.661
Общий,Петля штучная,Петля шпагатная КОМПО-110,"Петля шпагатная ""КОМПО-110-10000 Черный""",117403,1.661
Общий,Петля штучная,Петля шпагатная КОМПО-120,"Петля шпагатная ""КОМПО-120-10000 Белый""",110468,1.705
Общий,Петля штучная,Петля шпагатная КОМПО-120,"Петля шпагатная ""КОМПО-120-10000 Желтый""",110471,1.705
Общий,Петля штучная,Петля шпагатная КОМПО-120,"Петля шпагатная ""КОМПО-120-10000 Зеленый""",110472,1.705
Общий,Петля штучная,Петля шпагатная КОМПО-120,"Петля шпагатная ""КОМПО-120-10000 Красный""",110469,1.705
Общий,Петля штучная,Петля шпагатная КОМПО-120,"Петля шпагатная ""КОМПО-120-10000 Оранжевый""",110473,1.705
Общий,Петля штучная,Петля шпагатная КОМПО-120,"Петля шпагатная ""КОМПО-120-10000 Синий""",110470,1.705
Общий,Петля штучная,Петля шпагатная КОМПО-120,"Петля шпагатная ""КОМПО-120-10000 Фиолетовый""",110475,1.705
Общий,Петля штучная,Петля шпагатная КОМПО-150,"Петля шпагатная ""КОМПО-150-10000 Белый""",142952,1.83
Общий,Петля штучная,Петля шпагатная КОМПО-90,"Петля шпагатная ""КОМПО-90-10000 Белый""",110452,1.5839999999999999
Общий,Петля штучная,Петля шпагатная КОМПО-90,"Петля шпагатная ""КОМПО-90-10000 Желтый""",110456,1.5839999999999999
Общий,Петля штучная,Петля шпагатная КОМПО-90,"Петля шпагатная ""КОМПО-90-10000 Зеленый""",110457,1.5839999999999999
Общий,Петля штучная,Петля шпагатная КОМПО-90,"Петля шпагатная ""КОМПО-90-10000 Красный""",110453,1.5839999999999999
Общий,Петля штучная,Петля шпагатная КОМПО-90,"Петля шпагатная ""КОМПО-90-10000 Оранжевый""",110458,1.5839999999999999
Общий,Петля штучная,Петля шпагатная КОМПО-90,"Петля шпагатная ""КОМПО-90-10000 Синий""",110455,1.5839999999999999
Общий,Петля штучная,Петля шпагатная КОМПО-90,"Петля шпагатная ""КОМПО-90-10000 Фиолетовый""",110459,1.5839999999999999
Общий,Скрепка непрерывная,"Скрепка 15-07/5х1,50","Скрепка ""15-07/5х1,50 Л-М-0.1-6000""",110532,3.22
Общий,Скрепка непрерывная,"Скрепка 15-07/5х1,50","Скрепка ""15-07/5х1,50 Л-СМ-0.1-6000""",110531,3.22
Общий,Скрепка непрерывная,"Скрепка 15-07/5х1,50","Скрепка ""15-07/5х1,50 П-М-0.1-6000""",110530,3.22
Общий,Скрепка непрерывная,"Скрепка 15-07/5х1,50","Скрепка ""15-07/5х1,50 П-СМ-0.1-6000""",110529,3.22
Общий,Скрепка непрерывная,"Скрепка 15-07/5х1,50","Скрепка Н5-15-07/5х1,50-Л-М",089359,3.22
Общий,Скрепка непрерывная,"Скрепка 15-07/5х1,50","Скрепка Н5-15-07/5х1,50-Л-ОМ",089360,3.22
Общий,Скрепка непрерывная,"Скрепка 15-07/5х1,50","Скрепка Н5-15-07/5х1,50-Л-СМ",089358,3.22
Общий,Скрепка непрерывная,"Скрепка 15-07/5х1,50","Скрепка Н5-15-07/5х1,50-Л-СТ",089357,3.22
Общий,Скрепка непрерывная,"Скрепка 15-07/5х1,50","Скрепка Н5-15-07/5х1,50-Л-Т",089356,3.22
Общий,Скрепка непрерывная,"Скрепка 15-07/5х1,50","Скрепка Н5-15-07/5х1,50-П-М",083968,3.22
Общий,Скрепка непрерывная,"Скрепка 15-07/5х1,50","Скрепка Н5-15-07/5х1,50-П-М Алжир",105972,3.22
Общий,Скрепка непрерывная,"Скрепка 15-07/5х1,50","Скрепка Н5-15-07/5х1,50-П-ОМ",089355,3.22
Общий,Скрепка непрерывная,"Скрепка 15-07/5х1,50","Скрепка Н5-15-07/5х1,50-П-СМ",089352,3.22
Общий,Скрепка непрерывная,"Скрепка 15-07/5х1,50","Скрепка Н5-15-07/5х1,50-П-СТ",089351,3.22
Общий,Скрепка непрерывная,"Скрепка 15-07/5х1,50","Скрепка Н5-15-07/5х1,50-П-Т",089350,3.22
Общий,Скрепка непрерывная,"Скрепка 15-07/5х1,75","Скрепка ""15-07/5х1,75 Л-М-0.1-6000""",110537,3.36
Общий,Скрепка непрерывная,"Скрепка 15-07/5х1,75","Скрепка ""15-07/5х1,75 Л-СМ-0.1-6000""",110536,3.36
Общий,Скрепка непрерывная,"Скрепка 15-07/5х1,75","Скрепка ""15-07/5х1,75 П-М-0.1-6000""",110535,3.36
Общий,Скрепка непрерывная,"Скрепка 15-07/5х1,75","Скрепка ""15-07/5х1,75 П-СМ-0.1-6000""",110534,3.36
Общий,Скрепка непрерывная,"Скрепка 15-07/5х1,75","Скрепка Н6-15-07/5х1,75-Л-М",089370,3.36
Общий,Скрепка непрерывная,"Скрепка 15-07/5х1,75","Скрепка Н6-15-07/5х1,75-Л-ОМ",089371,3.36
Общий,Скрепка непрерывная,"Скрепка 15-07/5х1,75","Скрепка Н6-15-07/5х1,75-Л-СМ",089369,3.36
Общий,Скрепка непрерывная,"Скрепка 15-07/5х1,75","Скрепка Н6-15-07/5х1,75-Л-СТ",089368,3.36
Общий,Скрепка непрерывная,"Скрепка 15-07/5х1,75","Скрепка Н6-15-07/5х1,75-Л-Т",089367,3.36
Общий,Скрепка непрерывная,"Скрепка 15-07/5х1,75","Скрепка Н6-15-07/5х1,75-П-М",085109,3.36
Общий,Скрепка непрерывная,"Скрепка 15-07/5х1,75","Скрепка Н6-15-07/5х1,75-П-ОМ",089366,3.36
Общий,Скрепка непрерывная,"Скрепка 15-07/5х1,75","Скрепка Н6-15-07/5х1,75-П-СМ",089364,3.36
Общий,Скрепка непрерывная,"Скрепка 15-07/5х1,75","Скрепка Н6-15-07/5х1,75-П-СТ",089363,3.36
Общий,Скрепка непрерывная,"Скрепка 15-07/5х1,75","Скрепка Н6-15-07/5х1,75-П-Т",089361,3.36
Общий,Скрепка непрерывная,"Скрепка 15-08/5х1,50","Скрепка ""15-08/5х1,50 Л-М-0.1-5000""",110542,3.41
Общий,Скрепка непрерывная,"Скрепка 15-08/5х1,50","Скрепка ""15-08/5х1,50 Л-СМ-0.1-5000""",110541,3.41
Общий,Скрепка непрерывная,"Скрепка 15-08/5х1,50","Скрепка ""15-08/5х1,50 П-М-0.1-5000""",110539,3.41
Общий,Скрепка непрерывная,"Скрепка 15-08/5х1,50","Скрепка ""15-08/5х1,50 П-СМ-0.1-5000""",110538,3.41
Общий,Скрепка непрерывная,"Скрепка 15-08/5х1,50","Скрепка ""15-08/5х1,50 П-Т-0.1-5000""",117814,3.41
Общий,Скрепка непрерывная,"Скрепка 15-08/5х1,50","Скрепка Н7-15-08/5х1,50-Л-М",089380,3.41
Общий,Скрепка непрерывная,"Скрепка 15-08/5х1,50","Скрепка Н7-15-08/5х1,50-Л-ОМ",089381,3.41
Общий,Скрепка непрерывная,"Скрепка 15-08/5х1,50","Скрепка Н7-15-08/5х1,50-Л-СМ",089379,3.41
Общий,Скрепка непрерывная,"Скрепка 15-08/5х1,50","Скрепка Н7-15-08/5х1,50-Л-СТ",089378,3.41
Общий,Скрепка непрерывная,"Скрепка 15-08/5х1,50","Скрепка Н7-15-08/5х1,50-Л-Т",089377,3.41
Общий,Скрепка непрерывная,"Скрепка 15-08/5х1,50","Скрепка Н7-15-08/5х1,50-П-М",089375,3.41
Общий,Скрепка непрерывная,"Скрепка 15-08/5х1,50","Скрепка Н7-15-08/5х1,50-П-ОМ",089376,3.41
Общий,Скрепка непрерывная,"Скрепка 15-08/5х1,50","Скрепка Н7-15-08/5х1,50-П-СМ",053382,3.41
Общий,Скрепка непрерывная,"Скрепка 15-08/5х1,50","Скрепка Н7-15-08/5х1,50-П-СМ",103893,3.41
Общий,Скрепка непрерывная,"Скрепка 15-08/5х1,50","Скрепка Н7-15-08/5х1,50-П-СМ Алжир",105970,3.41
Общий,Скрепка непрерывная,"Скрепка 15-08/5х1,50","Скрепка Н7-15-08/5х1,50-П-СТ",089373,3.41
Общий,Скрепка непрерывная,"Скрепка 15-08/5х1,50","Скрепка Н7-15-08/5х1,50-П-Т",089372,3.41
Общий,Скрепка непрерывная,"Скрепка 15-08/5х1,75","Скрепка ""15-08/5х1,75 Л-М-0.1-5000""",110551,3.49
Общий,Скрепка непрерывная,"Скрепка 15-08/5х1,75","Скрепка ""15-08/5х1,75 Л-СМ-0.1-5000""",110550,3.49
Общий,Скрепка непрерывная,"Скрепка 15-08/5х1,75","Скрепка ""15-08/5х1,75 П-М-0.1-5000""",110549,3.49
Общий,Скрепка непрерывная,"Скрепка 15-08/5х1,75","Скрепка ""15-08/5х1,75 П-СМ-0.1-5000""",110544,3.49
Общий,Скрепка непрерывная,"Скрепка 15-08/5х1,75","Скрепка ""15-08/5х1,75 П-Т-0.1-5000""",117817,3.49
Общий,Скрепка непрерывная,"Скрепка 15-08/5х1,75","Скрепка Н8-15-08/5х1,75-Л-М",089390,3.49
Общий,Скрепка непрерывная,"Скрепка 15-08/5х1,75","Скрепка Н8-15-08/5х1,75-Л-ОМ",089391,3.49
Общий,Скрепка непрерывная,"Скрепка 15-08/5х1,75","Скрепка Н8-15-08/5х1,75-Л-СМ",089389,3.49
Общий,Скрепка непрерывная,"Скрепка 15-08/5х1,75","Скрепка Н8-15-08/5х1,75-Л-СТ",089388,3.49
Общий,Скрепка непрерывная,"Скрепка 15-08/5х1,75","Скрепка Н8-15-08/5х1,75-Л-Т",089387,3.49
Общий,Скрепка непрерывная,"Скрепка 15-08/5х1,75","Скрепка Н8-15-08/5х1,75-П-М",089385,3.49
Общий,Скрепка непрерывная,"Скрепка 15-08/5х1,75","Скрепка Н8-15-08/5х1,75-П-ОМ",089386,3.49
Общий,Скрепка непрерывная,"Скрепка 15-08/5х1,75","Скрепка Н8-15-08/5х1,75-П-СМ",061745,3.49
Общий,Скрепка непрерывная,"Скрепка 15-08/5х1,75","Скрепка Н8-15-08/5х1,75-П-СТ",089383,3.49
Общий,Скрепка непрерывная,"Скрепка 15-08/5х1,75","Скрепка Н8-15-08/5х1,75-П-Т",089382,3.49
Общий,Скрепка непрерывная,"Скрепка 15-08/5х1,75","Скрепка непрерывная Н8-15-08/5х1,75",061639,3.49
Общий,Скрепка непрерывная,"Скрепка 15-09/5х1,50","Скрепка ""15-09/5х1,50 Л-М-0.1-5000""",110556,3.76
Общий,Скрепка непрерывная,"Скрепка 15-09/5х1,50","Скрепка ""15-09/5х1,50 Л-СМ-0.1-5000""",110555,3.76
Общий,Скрепка непрерывная,"Скрепка 15-09/5х1,50","Скрепка ""15-09/5х1,50 П-М-0.1-5000""",110554,3.76
Общий,Скрепка непрерывная,"Скрепка 15-09/5х1,50","Скрепка ""15-09/5х1,50 П-СМ-0.1-5000""",110553,3.76
Общий,Скрепка непрерывная,"Скрепка 15-09/5х1,50","Скрепка ""15-09/5х1,50 П-Т-0.1-5000""",117818,3.76
Общий,Скрепка непрерывная,"Скрепка 15-09/5х1,50","Скрепка Н9-15-09/5х1,50-Л-М",089400,3.76
Общий,Скрепка непрерывная,"Скрепка 15-09/5х1,50","Скрепка Н9-15-09/5х1,50-Л-ОМ",089401,3.76
Общий,Скрепка непрерывная,"Скрепка 15-09/5х1,50","Скрепка Н9-15-09/5х1,50-Л-СМ",089399,3.76
Общий,Скрепка непрерывная,"Скрепка 15-09/5х1,50","Скрепка Н9-15-09/5х1,50-Л-СТ",089398,3.76
Общий,Скрепка непрерывная,"Скрепка 15-09/5х1,50","Скрепка Н9-15-09/5х1,50-Л-Т",089397,3.76
Общий,Скрепка непрерывная,"Скрепка 15-09/5х1,50","Скрепка Н9-15-09/5х1,50-П-М",089395,3.76
Общий,Скрепка непрерывная,"Скрепка 15-09/5х1,50","Скрепка Н9-15-09/5х1,50-П-ОМ",089396,3.76
Общий,Скрепка непрерывная,"Скрепка 15-09/5х1,50","Скрепка Н9-15-09/5х1,50-П-СМ",064404,3.76
Общий,Скрепка непрерывная,"Скрепка 15-09/5х1,50","Скрепка Н9-15-09/5х1,50-П-СТ",089393,3.76
Общий,Скрепка непрерывная,"Скрепка 15-09/5х1,50","Скрепка Н9-15-09/5х1,50-П-Т",089392,3.76
Общий,Скрепка непрерывная,"Скрепка 15-09/5х1,75","Скрепка ""15-09/5х1,75 Л-М-0.1-5000""",110562,3.87
Общий,Скрепка непрерывная,"Скрепка 15-09/5х1,75","Скрепка ""15-09/5х1,75 Л-ОМ-0.1-5000""",110561,3.87
Общий,Скрепка непрерывная,"Скрепка 15-09/5х1,75","Скрепка ""15-09/5х1,75 Л-СМ-0.1-5000""",110560,3.87
Общий,Скрепка непрерывная,"Скрепка 15-09/5х1,75","Скрепка ""15-09/5х1,75 Л-Т-0.1-5000""",117819,3.87
Общий,Скрепка непрерывная,"Скрепка 15-09/5х1,75","Скрепка ""15-09/5х1,75 П-М-0.1-5000""",110559,3.87
Общий,Скрепка непрерывная,"Скрепка 15-09/5х1,75","Скрепка ""15-09/5х1,75 П-СМ-0.1-5000""",110557,3.87
Общий,Скрепка непрерывная,"Скрепка 15-09/5х1,75","Скрепка Н10-15-09/5х1,75-Л-М",089410,3.87
Общий,Скрепка непрерывная,"Скрепка 15-09/5х1,75","Скрепка Н10-15-09/5х1,75-Л-ОМ",089411,3.87
Общий,Скрепка непрерывная,"Скрепка 15-09/5х1,75","Скрепка Н10-15-09/5х1,75-Л-СМ",053377,3.87
Общий,Скрепка непрерывная,"Скрепка 15-09/5х1,75","Скрепка Н10-15-09/5х1,75-Л-СТ",089408,3.87
Общий,Скрепка непрерывная,"Скрепка 15-09/5х1,75","Скрепка Н10-15-09/5х1,75-Л-Т",089407,3.87
Общий,Скрепка непрерывная,"Скрепка 15-09/5х1,75","Скрепка Н10-15-09/5х1,75-П-М",089405,3.87
Общий,Скрепка непрерывная,"Скрепка 15-09/5х1,75","Скрепка Н10-15-09/5х1,75-П-ОМ",089406,3.87
Общий,Скрепка непрерывная,"Скрепка 15-09/5х1,75","Скрепка Н10-15-09/5х1,75-П-СМ",089404,3.87
Общий,Скрепка непрерывная,"Скрепка 15-09/5х1,75","Скрепка Н10-15-09/5х1,75-П-СТ",089403,3.87
Общий,Скрепка непрерывная,"Скрепка 15-09/5х1,75","Скрепка Н10-15-09/5х1,75-П-Т",089402,3.87
Общий,Скрепка непрерывная,"Скрепка 17-09/5х2,00","Скрепка ""17-09/5х2,00 П-СМ-0.1-4000""",124071,4.77
Общий,Скрепка непрерывная,"Скрепка 18-07/5X1,75","Скрепка 18-07/5X1,75 для колбасных батонов 83-219420",078432,4.35
Общий,Скрепка непрерывная,"Скрепка 18-07/5х1,50","Скрепка ""18-07/5х1,50 П-СМ-0.1-4000""",121001,4.07
Общий,Скрепка непрерывная,"Скрепка 18-07/5х1,75","Скрепка ""18-07/5х1,75 Л-М-0.1-4000""",110566,4.35
Общий,Скрепка непрерывная,"Скрепка 18-07/5х1,75","Скрепка ""18-07/5х1,75 Л-СМ-0.1-4000""",110565,4.35
Общий,Скрепка непрерывная,"Скрепка 18-07/5х1,75","Скрепка ""18-07/5х1,75 Л-Т-0.1-4000""",117820,4.35
Общий,Скрепка непрерывная,"Скрепка 18-07/5х1,75","Скрепка ""18-07/5х1,75 П-М-0.1-4000""",110564,4.35
Общий,Скрепка непрерывная,"Скрепка 18-07/5х1,75","Скрепка ""18-07/5х1,75 П-СМ-0.1-4000""",110563,4.35
Общий,Скрепка непрерывная,"Скрепка 18-07/5х1,75","Скрепка Н12-18-07/5х1,75-Л-М",089420,4.35
Общий,Скрепка непрерывная,"Скрепка 18-07/5х1,75","Скрепка Н12-18-07/5х1,75-Л-ОМ",089421,4.35
Общий,Скрепка непрерывная,"Скрепка 18-07/5х1,75","Скрепка Н12-18-07/5х1,75-Л-СМ",089419,4.35
Общий,Скрепка непрерывная,"Скрепка 18-07/5х1,75","Скрепка Н12-18-07/5х1,75-Л-СТ",089418,4.35
Общий,Скрепка непрерывная,"Скрепка 18-07/5х1,75","Скрепка Н12-18-07/5х1,75-Л-Т",089417,4.35
Общий,Скрепка непрерывная,"Скрепка 18-07/5х1,75","Скрепка Н12-18-07/5х1,75-П-М",089415,4.35
Общий,Скрепка непрерывная,"Скрепка 18-07/5х1,75","Скрепка Н12-18-07/5х1,75-П-ОМ",089416,4.35
Общий,Скрепка непрерывная,"Скрепка 18-07/5х1,75","Скрепка Н12-18-07/5х1,75-П-СМ",089414,4.35
Общий,Скрепка непрерывная,"Скрепка 18-07/5х1,75","Скрепка Н12-18-07/5х1,75-П-СТ",089413,4.35
Общий,Скрепка непрерывная,"Скрепка 18-07/5х1,75","Скрепка Н12-18-07/5х1,75-П-Т",089412,4.35
Общий,Скрепка непрерывная,"Скрепка 18-09/5х1,75","Скрепка ""18-09/5х1,75 Л-М-0.1-4000""",110570,4.55
Общий,Скрепка непрерывная,"Скрепка 18-09/5х1,75","Скрепка ""18-09/5х1,75 Л-СМ-0.1-4000""",110569,4.55
Общий,Скрепка непрерывная,"Скрепка 18-09/5х1,75","Скрепка ""18-09/5х1,75 П-М-0.1-4000""",110568,4.55
Общий,Скрепка непрерывная,"Скрепка 18-09/5х1,75","Скрепка ""18-09/5х1,75 П-СМ-0.1-4000""",110567,4.55
Общий,Скрепка непрерывная,"Скрепка 18-09/5х1,75","Скрепка ""18-09/5х1,75 П-СМ-0.3-4000""",116341,4.55
Общий,Скрепка непрерывная,"Скрепка 18-09/5х1,75","Скрепка ""18-09/5х1,75 П-Т-0.1-4000""",117821,4.55
Общий,Скрепка непрерывная,"Скрепка 18-09/5х1,75","Скрепка ""18-09/5х1,75 П-Т-0.3-4000""",117823,4.55
Общий,Скрепка непрерывная,"Скрепка 18-09/5х1,75","Скрепка Н13-18-09/5х1,75-Л-М",089430,4.55
Общий,Скрепка непрерывная,"Скрепка 18-09/5х1,75","Скрепка Н13-18-09/5х1,75-Л-ОМ",089431,4.55
Общий,Скрепка непрерывная,"Скрепка 18-09/5х1,75","Скрепка Н13-18-09/5х1,75-Л-СМ",089429,4.55
Общий,Скрепка непрерывная,"Скрепка 18-09/5х1,75","Скрепка Н13-18-09/5х1,75-Л-СТ",089428,4.55
Общий,Скрепка непрерывная,"Скрепка 18-09/5х1,75","Скрепка Н13-18-09/5х1,75-Л-Т",089427,4.55
Общий,Скрепка непрерывная,"Скрепка 18-09/5х1,75","Скрепка Н13-18-09/5х1,75-П-М",089425,4.55
Общий,Скрепка непрерывная,"Скрепка 18-09/5х1,75","Скрепка Н13-18-09/5х1,75-П-ОМ",089426,4.55
Общий,Скрепка непрерывная,"Скрепка 18-09/5х1,75","Скрепка Н13-18-09/5х1,75-П-СМ",053379,4.55
Общий,Скрепка непрерывная,"Скрепка 18-09/5х1,75","Скрепка Н13-18-09/5х1,75-П-СТ",089423,4.55
Общий,Скрепка непрерывная,"Скрепка 18-09/5х1,75","Скрепка Н13-18-09/5х1,75-П-Т",089422,4.55
Общий,Скрепка непрерывная,"Скрепка 18-09/5х2,00 Л","Скрепка ""18-09/5х2,00 Л-М-0.1-4000""",110592,4.79
Общий,Скрепка непрерывная,"Скрепка 18-09/5х2,00 Л","Скрепка ""18-09/5х2,00 Л-М-0.2-4000""",110593,4.79
Общий,Скрепка непрерывная,"Скрепка 18-09/5х2,00 Л","Скрепка ""18-09/5х2,00 Л-М-0.3-4000""",110594,4.79
Общий,Скрепка непрерывная,"Скрепка 18-09/5х2,00 Л","Скрепка ""18-09/5х2,00 Л-ОМ-0.1-4000""",111913,4.79
Общий,Скрепка непрерывная,"Скрепка 18-09/5х2,00 Л","Скрепка ""18-09/5х2,00 Л-СМ-0.1-4000""",110589,4.79
Общий,Скрепка непрерывная,"Скрепка 18-09/5х2,00 Л","Скрепка ""18-09/5х2,00 Л-СМ-0.2-4000""",110590,4.79
Общий,Скрепка непрерывная,"Скрепка 18-09/5х2,00 Л","Скрепка ""18-09/5х2,00 Л-СМ-0.3-4000""",110591,4.79
Общий,Скрепка непрерывная,"Скрепка 18-09/5х2,00 Л","Скрепка ""18-09/5х2,00 Л-Т-0.1-4000""",117824,4.79
Общий,Скрепка непрерывная,"Скрепка 18-09/5х2,00 Л","Скрепка ""18-09/5х2,00 Л-Т-0.3-4000""",117825,4.79
Общий,Скрепка непрерывная,"Скрепка 18-09/5х2,00 Л","Скрепка Н14-18-09/5х2,00-Л-М",089460,4.79
Общий,Скрепка непрерывная,"Скрепка 18-09/5х2,00 Л","Скрепка Н14-18-09/5х2,00-Л-ОМ",089461,4.79
Общий,Скрепка непрерывная,"Скрепка 18-09/5х2,00 Л","Скрепка Н14-18-09/5х2,00-Л-СМ",076572,4.79
Общий,Скрепка непрерывная,"Скрепка 18-09/5х2,00 Л","Скрепка Н14-18-09/5х2,00-Л-СМ Алжир",105971,4.79
Общий,Скрепка непрерывная,"Скрепка 18-09/5х2,00 Л","Скрепка Н14-18-09/5х2,00-Л-СТ",089458,4.79
Общий,Скрепка непрерывная,"Скрепка 18-09/5х2,00 Л","Скрепка Н14-18-09/5х2,00-Л-Т",089457,4.79
Общий,Скрепка непрерывная,"Скрепка 18-09/5х2,00 Л",Скрепка непрерывная Н14-18-09/5х2 (Н14 Skawina ),076573,4.79
Общий,Скрепка непрерывная,"Скрепка 18-09/5х2,00 П","Скрепка ""18-09/5х2,00 П-М-0.1-4000""",110586,4.79
Общий,Скрепка непрерывная,"Скрепка 18-09/5х2,00 П","Скрепка ""18-09/5х2,00 П-М-0.2-4000""",110587,4.79
Общий,Скрепка непрерывная,"Скрепка 18-09/5х2,00 П","Скрепка ""18-09/5х2,00 П-М-0.3-4000""",110588,4.79
Общий,Скрепка непрерывная,"Скрепка 18-09/5х2,00 П","Скрепка ""18-09/5х2,00 П-ОМ-0.1-4000""",111912,4.79
Общий,Скрепка непрерывная,"Скрепка 18-09/5х2,00 П","Скрепка ""18-09/5х2,00 П-СМ-0.1-4000""",110583,4.79
Общий,Скрепка непрерывная,"Скрепка 18-09/5х2,00 П","Скрепка ""18-09/5х2,00 П-СМ-0.2-4000""",110584,4.79
Общий,Скрепка непрерывная,"Скрепка 18-09/5х2,00 П","Скрепка ""18-09/5х2,00 П-СМ-0.3-4000""",110585,4.79
Общий,Скрепка непрерывная,"Скрепка 18-09/5х2,00 П","Скрепка ""18-09/5х2,00 П-СМ-0.4-4000""",144597,4.79
Общий,Скрепка непрерывная,"Скрепка 18-09/5х2,00 П","Скрепка ""18-09/5х2,00 П-Т-0.1-4000""",117826,4.79
Общий,Скрепка непрерывная,"Скрепка 18-09/5х2,00 П","Скрепка ""18-09/5х2,00 П-Т-0.2-4000""",117827,4.79
Общий,Скрепка непрерывная,"Скрепка 18-09/5х2,00 П","Скрепка ""18-09/5х2,00 П-Т-0.3-4000""",117828,4.79
Общий,Скрепка непрерывная,"Скрепка 18-09/5х2,00 П","Скрепка Н14-18-09/5х2,00-П-М",085768,4.79
Общий,Скрепка непрерывная,"Скрепка 18-09/5х2,00 П","Скрепка Н14-18-09/5х2,00-П-ОМ",089456,4.79
Общий,Скрепка непрерывная,"Скрепка 18-09/5х2,00 П","Скрепка Н14-18-09/5х2,00-П-СМ",053380,4.79
Общий,Скрепка непрерывная,"Скрепка 18-09/5х2,00 П","Скрепка Н14-18-09/5х2,00-П-СТ",089452,4.79
Общий,Скрепка непрерывная,"Скрепка 18-09/5х2,00 П","Скрепка Н14-18-09/5х2,00-П-Т",089454,4.79
Общий,Скрепка непрерывная,"Скрепка 18-10/5X2,2","Скрепка 18-10/5X2,2 для колбасных батонов 83-219580/35",077263,5.42
Общий,Скрепка непрерывная,"Скрепка 18-11/5х2,00 Л","Скрепка ""18-11/5х2,00 Л-М-0.1-3000""",110600,5.42
Общий,Скрепка непрерывная,"Скрепка 18-11/5х2,00 Л","Скрепка ""18-11/5х2,00 Л-СМ-0.1-3000""",110599,5.42
Общий,Скрепка непрерывная,"Скрепка 18-11/5х2,00 Л","Скрепка ""18-11/5х2,00 Л-Т-0.1-3000""",117829,5.42
Общий,Скрепка непрерывная,"Скрепка 18-11/5х2,00 Л","Скрепка Н17-18-11/5х2,00-Л-М",089440,5.42
Общий,Скрепка непрерывная,"Скрепка 18-11/5х2,00 Л","Скрепка Н17-18-11/5х2,00-Л-ОМ",089441,5.42
Общий,Скрепка непрерывная,"Скрепка 18-11/5х2,00 Л","Скрепка Н17-18-11/5х2,00-Л-СМ",089434,5.42
Общий,Скрепка непрерывная,"Скрепка 18-11/5х2,00 Л","Скрепка Н17-18-11/5х2,00-Л-СТ",089438,5.42
Общий,Скрепка непрерывная,"Скрепка 18-11/5х2,00 Л","Скрепка Н17-18-11/5х2,00-Л-Т",089437,5.42
Общий,Скрепка непрерывная,"Скрепка 18-11/5х2,00 П","Скрепка ""18-11/5х2,00 П-М-0.1-3000""",110598,5.42
Общий,Скрепка непрерывная,"Скрепка 18-11/5х2,00 П","Скрепка ""18-11/5х2,00 П-СМ-0.1-3000""",110597,5.42
Общий,Скрепка непрерывная,"Скрепка 18-11/5х2,00 П","Скрепка ""18-11/5х2,00 П-Т-0.1-3000""",117830,5.42
Общий,Скрепка непрерывная,"Скрепка 18-11/5х2,00 П","Скрепка Н17-18-11/5х2,00-П-М",089435,5.42
Общий,Скрепка непрерывная,"Скрепка 18-11/5х2,00 П","Скрепка Н17-18-11/5х2,00-П-ОМ",089436,5.42
Общий,Скрепка непрерывная,"Скрепка 18-11/5х2,00 П","Скрепка Н17-18-11/5х2,00-П-СМ",053381,5.42
Общий,Скрепка непрерывная,"Скрепка 18-11/5х2,00 П","Скрепка Н17-18-11/5х2,00-П-СТ",089433,5.42
Общий,Скрепка непрерывная,"Скрепка 18-11/5х2,00 П","Скрепка Н17-18-11/5х2,00-П-Т",089432,5.42
Общий,Скрепка непрерывная,"Скрепка 18-11/5х2,20","Скрепка ""18-11/5х2,20 Л-М-0.1-3000""",110605,5.56
Общий,Скрепка непрерывная,"Скрепка 18-11/5х2,20","Скрепка ""18-11/5х2,20 Л-СМ-0.1-3000""",110604,5.56
Общий,Скрепка непрерывная,"Скрепка 18-11/5х2,20","Скрепка ""18-11/5х2,20 П-М-0.1-3000""",110603,5.56
Общий,Скрепка непрерывная,"Скрепка 18-11/5х2,20","Скрепка ""18-11/5х2,20 П-СМ-0.1-3000""",110601,5.56
Общий,Скрепка непрерывная,"Скрепка 18-11/5х2,20","Скрепка ""18-11/5х2,20 П-Т-0.1-3000""",117831,5.56
Общий,Скрепка непрерывная,"Скрепка 18-11/5х2,20","Скрепка Н18-18-11/5х2,20-Л-М",089450,5.56
Общий,Скрепка непрерывная,"Скрепка 18-11/5х2,20","Скрепка Н18-18-11/5х2,20-Л-ОМ",089451,5.56
Общий,Скрепка непрерывная,"Скрепка 18-11/5х2,20","Скрепка Н18-18-11/5х2,20-Л-СМ",089449,5.56
Общий,Скрепка непрерывная,"Скрепка 18-11/5х2,20","Скрепка Н18-18-11/5х2,20-Л-СТ",089448,5.56
Общий,Скрепка непрерывная,"Скрепка 18-11/5х2,20","Скрепка Н18-18-11/5х2,20-Л-Т",089447,5.56
Общий,Скрепка непрерывная,"Скрепка 18-11/5х2,20","Скрепка Н18-18-11/5х2,20-П-М",089445,5.56
Общий,Скрепка непрерывная,"Скрепка 18-11/5х2,20","Скрепка Н18-18-11/5х2,20-П-ОМ",089446,5.56
Общий,Скрепка непрерывная,"Скрепка 18-11/5х2,20","Скрепка Н18-18-11/5х2,20-П-СМ",089444,5.56
Общий,Скрепка непрерывная,"Скрепка 18-11/5х2,20","Скрепка Н18-18-11/5х2,20-П-СТ",089443,5.56
Общий,Скрепка непрерывная,"Скрепка 18-11/5х2,20","Скрепка Н18-18-11/5х2,20-П-Т",089442,5.56
Общий,Скрепка непрерывная,"Скрепка 18-12/5х2,00","Скрепка ""18-12/5х2,00 П-СМ-0.1-3000""",125279,5.55
Общий,Скрепка непрерывная,"Скрепка 18-12/5х2,00","Скрепка ""18-13/5х2,00 П-СМ-0.1-3000""",142235,5.55
Общий,Скрепка непрерывная,"Скрепка 18-12/5х2,00","Скрепка Н19-18-12/5х2,00-Л-М",089608,5.55
Общий,Скрепка непрерывная,"Скрепка 18-12/5х2,00","Скрепка Н19-18-12/5х2,00-Л-ОМ",089609,5.55
Общий,Скрепка непрерывная,"Скрепка 18-12/5х2,00","Скрепка Н19-18-12/5х2,00-Л-СМ",089607,5.55
Общий,Скрепка непрерывная,"Скрепка 18-12/5х2,00","Скрепка Н19-18-12/5х2,00-Л-СТ",089606,5.55
Общий,Скрепка непрерывная,"Скрепка 18-12/5х2,00","Скрепка Н19-18-12/5х2,00-Л-Т",089605,5.55
Общий,Скрепка непрерывная,"Скрепка 18-12/5х2,00","Скрепка Н19-18-12/5х2,00-П-М",089603,5.55
Общий,Скрепка непрерывная,"Скрепка 18-12/5х2,00","Скрепка Н19-18-12/5х2,00-П-ОМ",089604,5.55
Общий,Скрепка непрерывная,"Скрепка 18-12/5х2,00","Скрепка Н19-18-12/5х2,00-П-СТ",089601,5.55
Общий,Скрепка непрерывная,"Скрепка 18-12/5х2,00","Скрепка Н19-18-12/5х2,00-П-Т",089600,5.55
Общий,Скрепка непрерывная,"Скрепка 18-12/5х2,00","Скрепка непрерывная 18-12/5х2,0",12,5.55
Общий,Скрепка непрерывная,"Скрепка 18-12/5х2,20","Скрепка ""18-12/5х2,20 Л-М-0.1-3000""",110609,5.93
Общий,Скрепка непрерывная,"Скрепка 18-12/5х2,20","Скрепка ""18-12/5х2,20 Л-СМ-0.1-3000""",110608,5.93
Общий,Скрепка непрерывная,"Скрепка 18-12/5х2,20","Скрепка ""18-12/5х2,20 П-М-0.1-3000""",110607,5.93
Общий,Скрепка непрерывная,"Скрепка 18-12/5х2,20","Скрепка ""18-12/5х2,20 П-СМ-0.1-3000""",110606,5.93
Общий,Скрепка непрерывная,"Скрепка 18-12/5х2,20","Скрепка Н20-18-12/5х2,20-Л-М",089597,5.93
Общий,Скрепка непрерывная,"Скрепка 18-12/5х2,20","Скрепка Н20-18-12/5х2,20-Л-ОМ",089598,5.93
Общий,Скрепка непрерывная,"Скрепка 18-12/5х2,20","Скрепка Н20-18-12/5х2,20-Л-СМ",089596,5.93
Общий,Скрепка непрерывная,"Скрепка 18-12/5х2,20","Скрепка Н20-18-12/5х2,20-Л-СТ",089594,5.93
Общий,Скрепка непрерывная,"Скрепка 18-12/5х2,20","Скрепка Н20-18-12/5х2,20-Л-Т",089593,5.93
Общий,Скрепка непрерывная,"Скрепка 18-12/5х2,20","Скрепка Н20-18-12/5х2,20-П-М",089591,5.93
Общий,Скрепка непрерывная,"Скрепка 18-12/5х2,20","Скрепка Н20-18-12/5х2,20-П-ОМ",089592,5.93
Общий,Скрепка непрерывная,"Скрепка 18-12/5х2,20","Скрепка Н20-18-12/5х2,20-П-СМ",089590,5.93
Общий,Скрепка непрерывная,"Скрепка 18-12/5х2,20","Скрепка Н20-18-12/5х2,20-П-СТ",089589,5.93
Общий,Скрепка непрерывная,"Скрепка 18-12/5х2,20","Скрепка Н20-18-12/5х2,20-П-Т",089588,5.93
Общий,Скрепка П образная,"Скрепка ""РСS2 CМ""","Скрепка ""РСS2 CМ""",125334,7.01
Общий,Скрепка П образная,"Скрепка ""РСS3 CМ""","Скрепка ""РСS3 CМ""",125341,7.33
Общий,Скрепка П образная,Скрепка E2,"Скрепка ""Е2 Т""",120432,6.51
Общий,Скрепка П образная,Скрепка А1,"Скрепка ""А1 СМ""",117741,1.63
Общий,Скрепка П образная,Скрепка А2,"Скрепка ""А2 СМ""",117742,1.65
Общий,Скрепка П образная,Скрепка А3,"Скрепка ""А3 СМ""",117743,1.7
Общий,Скрепка П образная,Скрепка В1,"Скрепка ""В1 СМ""",117745,2.59
Общий,Скрепка П образная,Скрепка В2,"Скрепка ""В2 Х-СМ""",117747,2.82
Общий,Скрепка П образная,Скрепка В2,"Скрепка ""В2 Х-Т""",121901,2.82
Общий,Скрепка П образная,Скрепка В2,Скрепка В2-T,117747,2.82
Общий,Скрепка П образная,Скрепка В3,"Скрепка ""В3 СМ""",117749,3.1
Общий,Скрепка П образная,Скрепка В4,Скрепка В4,144137,3.55
Общий,Скрепка П образная,Скрепка ВР1,"Скрепка ""ВР1 СМ""",117751,2.9
Общий,Скрепка П образная,Скрепка ВР2,"Скрепка ""ВР2 Х-СМ""",117753,3.19
Общий,Скрепка П образная,Скрепка ВР2,"Скрепка ""ВР2 Х-Т""",118890,3.19
Общий,Скрепка П образная,Скрепка ВР3,"Скрепка ""ВР3 СМ""",117755,3.6
Общий,Скрепка П образная,Скрепка Е,"Скрепка ""Е СМ""",118716,5.24
Общий,Скрепка П образная,Скрепка Е,"Скрепка ""Е1 СМ""",117756,5.24
Общий,Скрепка П образная,Скрепка Е1,"Скрепка ""Е1 СМ""",117756,5.92
Общий,Скрепка П образная,Скрепка Е2,"Скрепка ""Е2 СМ""",117758,6.51
Общий,Скрепка П образная,Скрепка Е2,"Скрепка ""Е2 Т""",120432,6.51
Общий,Скрепка П образная,Скрепка Е3,"Скрепка ""Е3 СМ""",117760,7.21
Общий,Скрепка П образная,Скрепка Е4,"Скрепка ""Е4 СМ""",117762,7.33
Общий,Скрепка П образная,Скрепка Е4,"Скрепка ""Е4 Х-СМ""",117762,7.33
Общий,Скрепка П образная,Скрепка РСА1,"Скрепка ""РСА1 СМ""",117770,2.71
Общий,Скрепка П образная,Скрепка РСА2,"Скрепка ""РСА2 СМ""",124654,2.85
Общий,Скрепка П образная,Скрепка РСА3,"Скрепка ""РСА3 СМ""",117772,3.08
Общий,Скрепка П образная,Скрепка РСА4,"Скрепка ""РСА4 СМ""",117773,3.6
Общий,Скрепка П образная,Скрепка РСЕ1,"Скрепка ""РСЕ1 СМ""",117775,2.51
Общий,Скрепка П образная,Скрепка РСЕ2,"Скрепка ""РСЕ2 СМ""",117777,2.57
Общий,Скрепка П образная,Скрепка РСЕ3,"Скрепка ""РСЕ3 СМ""",117779,2.78
Общий,Скрепка П образная,Скрепка РСЕ4,"Скрепка ""РСЕ4 СМ""",117781,2.89
Общий,Скрепка П образная,Скрепка РСС1,"Скрепка ""РСС1 М""",117783,4.45
Общий,Скрепка П образная,Скрепка РСС2,"Скрепка ""РСС2 Х-СМ""",117785,4.92
Общий,Скрепка П образная,Скрепка РСС3,"Скрепка ""РСС3 М""",117788,5.44
Общий,Скрепка П образная,Скрепка РСС4,"Скрепка ""РСС4 СМ""",117790,5.56
Общий,Скрепка П образная,Скрепка РСХ1,"Скрепка ""РСХ1 СМ""",125290,1.34
Общий,Скрепка П образная,Скрепка РСХ2,"Скрепка ""РСХ-2 СМ""",122547,1.39
Общий,Скрепка П образная,Скрепка ТПЖ1,"Скрепка ""ТПЖ1 СМ""",117795,4.86
Общий,Скрепка П образная,Скрепка ТПЖ2,"Скрепка ""ТПЖ2 СМ""",117797,5.36
Общий,Скрепка П образная,Скрепка ТПЖ3,"Скрепка ""ТПЖ3 СМ""",117798,5.87
Общий,Скрепка П образная,Скрепка ТРК1,"Скрепка ""ТРК1 СМ""",117804,2.77
Общий,Скрепка П образная,Скрепка ТРК2,"Скрепка ""ТРК2 СМ""",117806,2.82
Общий,Скрепка П образная,Скрепка ТРК3,"Скрепка ""ТРК3 СМ""",117809,3.06
Общий,Скрепка П образная,Скрепка ТРТ1,"Скрепка ""ТРТ1 СМ""",117801,2.84
Общий,Скрепка П образная,Скрепка ТРТ2,"Скрепка ""ТРТ2 СМ""",117802,3.03
Общий,Скрепка П образная,Скрепка ТРТ3,"Скрепка ""ТРТ3 СМ""",117803,3.12
Общий,Скрепка П образная,Скрепка ТРТН1,"Скрепка ""ТРТ3 СМ""",117803,3.12
БЕЛАРУСЬ,Материал для маркировки,Лента этикетировочная «КОМПО» 12/20,Лента для термической наклейки  шпагатных  петель (КОМПО-04) 25 мм,66474,918
БЕЛАРУСЬ,Материал для маркировки,Лента этикетировочная «КОМПО» 12/20,Лента для ультразвуковой наклейки петель шпагатных 15мм,77790,918
БЕЛАРУСЬ,Материал для маркировки,Лента этикетировочная «КОМПО» 12/20,Лента термоклейкая скрепочная (8мм х 300м),53366,918
БЕЛАРУСЬ,Материал для маркировки,Лента этикетировочная «КОМПО» 12/20,Лента этикетировочная «КОМПО» 12/20,053357,918
БЕЛАРУСЬ,Материал для маркировки,Лента этикетировочная «КОМПО-1П» 12/20,Лента этикетировочная «КОМПО-1П» 12/20,053360,1056
БЕЛАРУСЬ,Петля поперечная,Петля шпагатная КОМПО-20/100,"Петля шпагатная ""КОМПО-20/100-3500 Бежевый""",110498,264
БЕЛАРУСЬ,Петля поперечная,Петля шпагатная КОМПО-20/100,"Петля шпагатная ""КОМПО-20/100-3500 Белый""",110497,264
БЕЛАРУСЬ,Петля поперечная,Петля шпагатная КОМПО-20/100,"Петля шпагатная ""КОМПО-20/100-3500 Желтый""",110502,264
БЕЛАРУСЬ,Петля поперечная,Петля шпагатная КОМПО-20/100,"Петля шпагатная ""КОМПО-20/100-3500 Желтый""",146291,264
БЕЛАРУСЬ,Петля поперечная,Петля шпагатная КОМПО-20/100,"Петля шпагатная ""КОМПО-20/100-3500 Зеленый""",110501,264
БЕЛАРУСЬ,Петля поперечная,Петля шпагатная КОМПО-20/100,"Петля шпагатная ""КОМПО-20/100-3500 Зеленый""",146290,264
БЕЛАРУСЬ,Петля поперечная,Петля шпагатная КОМПО-20/100,"Петля шпагатная ""КОМПО-20/100-3500 Красный""",110499,264
БЕЛАРУСЬ,Петля поперечная,Петля шпагатная КОМПО-20/100,"Петля шпагатная ""КОМПО-20/100-3500 Синий""",110500,264
БЕЛАРУСЬ,Петля поперечная,Петля шпагатная КОМПО-20/100,"Петля шпагатная ""КОМПО-20/100-3500 Черный""",110504,264
БЕЛАРУСЬ,Петля поперечная,Петля шпагатная КОМПО-20/100,"Петля шпагатная ""КОМПО-20/100-3500 Черный""",145087,264
БЕЛАРУСЬ,Петля поперечная,Петля шпагатная КОМПО-20/100,"Петля шпагатная ""КОМПО-20/100-4000 Красный""",128293,264
БЕЛАРУСЬ,Петля поперечная,Петля шпагатная КОМПО-20/100 с/к,"Петля шпагатная ""КОМПО-20/100-3500 Бежевый""",127010,264
БЕЛАРУСЬ,Петля поперечная,Петля шпагатная КОМПО-20/100 с/к,"Петля шпагатная ""КОМПО-20/100-3500 Бело-красный""",144584,264
БЕЛАРУСЬ,Петля поперечная,Петля шпагатная КОМПО-20/100 с/к,"Петля шпагатная ""КОМПО-20/100-3500 Бело-синий""",144594,264
БЕЛАРУСЬ,Петля поперечная,Петля шпагатная КОМПО-20/100 с/к,"Петля шпагатная ""КОМПО-20/100-3500 Белый""",127011,264
БЕЛАРУСЬ,Петля поперечная,Петля шпагатная КОМПО-20/100 с/к,"Петля шпагатная ""КОМПО-20/100-3500 Желтый""",134431,264
БЕЛАРУСЬ,Петля поперечная,Петля шпагатная КОМПО-20/100 с/к,"Петля шпагатная ""КОМПО-20/100-3500 Зеленый""",134436,264
БЕЛАРУСЬ,Петля поперечная,Петля шпагатная КОМПО-20/100 с/к,"Петля шпагатная ""КОМПО-20/100-3500 Красный""",134437,264
БЕЛАРУСЬ,Петля поперечная,Петля шпагатная КОМПО-20/100 с/к,"Петля шпагатная ""КОМПО-20/100-3500 Синий""",134362,264
БЕЛАРУСЬ,Петля поперечная,Петля шпагатная КОМПО-20/100 с/к,"Петля шпагатная ""КОМПО-20/100-3500 Черный""",145379,264
БЕЛАРУСЬ,Петля поперечная,Петля шпагатная КОМПО-22/100,"Петля шпагатная ""КОМПО-22/100-3500 Бежевый""",110520,279
БЕЛАРУСЬ,Петля поперечная,Петля шпагатная КОМПО-22/100,"Петля шпагатная ""КОМПО-22/100-3500 Белый""",110519,279
БЕЛАРУСЬ,Петля поперечная,Петля шпагатная КОМПО-22/100,"Петля шпагатная ""КОМПО-22/100-3500 Желтый""",110524,279
БЕЛАРУСЬ,Петля поперечная,Петля шпагатная КОМПО-22/100,"Петля шпагатная ""КОМПО-22/100-3500 Зеленый""",110523,279
БЕЛАРУСЬ,Петля поперечная,Петля шпагатная КОМПО-22/100,"Петля шпагатная ""КОМПО-22/100-3500 Красный""",110521,279
БЕЛАРУСЬ,Петля поперечная,Петля шпагатная КОМПО-22/100,"Петля шпагатная ""КОМПО-22/100-3500 Синий""",110522,279
БЕЛАРУСЬ,Петля поперечная,Петля шпагатная КОМПО-22/100,"Петля шпагатная ""КОМПО-22/100-3500 Черный""",110525,279
БЕЛАРУСЬ,Петля поперечная,Петля шпагатная КОМПО-22/100 с/к,"Петля шпагатная ""КОМПО-22/100-3500 Желтый""",134459,279
БЕЛАРУСЬ,Петля поперечная,Петля шпагатная КОМПО-22/100 с/к,"Петля шпагатная ""КОМПО-22/100-3500 Зеленый""",134462,279
БЕЛАРУСЬ,Петля поперечная,Петля шпагатная КОМПО-22/100 с/к,"Петля шпагатная ""КОМПО-22/100-3500 Красный""",134464,279
БЕЛАРУСЬ,Петля поперечная,Петля шпагатная КОМПО-22/100 с/к,"Петля шпагатная ""КОМПО-22/100-3500 Синий""",134466,279
БЕЛАРУСЬ,Петля поперечная,Петля шпагатная КОМПО-25/100,"Петля шпагатная ""КОМПО-25/100-3000 Белый""",110505,271
БЕЛАРУСЬ,Петля поперечная,Петля шпагатная КОМПО-25/100,"Петля шпагатная ""КОМПО-25/100-3000 Белый""",110513,271
БЕЛАРУСЬ,Петля поперечная,Петля шпагатная КОМПО-25/100,"Петля шпагатная ""КОМПО-25/100-3500 Бежевый""",110506,271
БЕЛАРУСЬ,Петля поперечная,Петля шпагатная КОМПО-25/100,"Петля шпагатная ""КОМПО-25/100-3500 Белый""",110505,271
БЕЛАРУСЬ,Петля поперечная,Петля шпагатная КОМПО-25/100,"Петля шпагатная ""КОМПО-25/100-3500 Желтый""",110511,271
БЕЛАРУСЬ,Петля поперечная,Петля шпагатная КОМПО-25/100,"Петля шпагатная ""КОМПО-25/100-3500 Зеленый""",110510,271
БЕЛАРУСЬ,Петля поперечная,Петля шпагатная КОМПО-25/100,"Петля шпагатная ""КОМПО-25/100-3500 Красный""",110507,271
БЕЛАРУСЬ,Петля поперечная,Петля шпагатная КОМПО-25/100,"Петля шпагатная ""КОМПО-25/100-3500 Синий""",110509,271
БЕЛАРУСЬ,Петля поперечная,Петля шпагатная КОМПО-25/100,"Петля шпагатная ""КОМПО-25/100-3500 Черный""",145088,271
БЕЛАРУСЬ,Петля поперечная,Петля шпагатная КОМПО-25/100,"Петля шпагатная ""КОМПО-25/100-4000 Красный""",110507,271
БЕЛАРУСЬ,Петля поперечная,Петля шпагатная КОМПО-25/100 с/к,"Петля шпагатная ""КОМПО-25/100-3000 Белый""",110513,271
БЕЛАРУСЬ,Петля поперечная,Петля шпагатная КОМПО-25/100 с/к,"Петля шпагатная ""КОМПО-25/100-3500 Бежевый""",135094,271
БЕЛАРУСЬ,Петля поперечная,Петля шпагатная КОМПО-25/100 с/к,"Петля шпагатная ""КОМПО-25/100-3500 Бежевый""",135102,271
БЕЛАРУСЬ,Петля поперечная,Петля шпагатная КОМПО-25/100 с/к,"Петля шпагатная ""КОМПО-25/100-3500 Белый""",110505,271
БЕЛАРУСЬ,Петля поперечная,Петля шпагатная КОМПО-25/100 с/к,"Петля шпагатная ""КОМПО-25/100-3500 Желтый""",134449,271
БЕЛАРУСЬ,Петля поперечная,Петля шпагатная КОМПО-25/100 с/к,"Петля шпагатная ""КОМПО-25/100-3500 Зеленый""",134451,271
БЕЛАРУСЬ,Петля поперечная,Петля шпагатная КОМПО-25/100 с/к,"Петля шпагатная ""КОМПО-25/100-3500 Красный""",134454,271
БЕЛАРУСЬ,Петля поперечная,Петля шпагатная КОМПО-25/100 с/к,"Петля шпагатная ""КОМПО-25/100-3500 Синий""",134455,271
БЕЛАРУСЬ,Петля продольная,Петля шпагатная КОМПО-02,"Петля шпагатная ""КОМПО-04-2000 Белый""",115741,459
БЕЛАРУСЬ,Петля продольная,Петля шпагатная КОМПО-04,"Петля шпагатная ""КОМПО-04"" (1тыс.шт)",110476,459
БЕЛАРУСЬ,Петля продольная,Петля шпагатная КОМПО-04,"Петля шпагатная ""КОМПО-04-5000 Бежевый""",141164,459
БЕЛАРУСЬ,Петля продольная,Петля шпагатная КОМПО-04,"Петля шпагатная ""КОМПО-04-5000 Белый""",110476,459
БЕЛАРУСЬ,Петля продольная,Петля шпагатная КОМПО-04,"Петля шпагатная ""КОМПО-04-5000 Желтый""",110482,459
БЕЛАРУСЬ,Петля продольная,Петля шпагатная КОМПО-04,"Петля шпагатная ""КОМПО-04-5000 Зеленый""",110483,459
БЕЛАРУСЬ,Петля продольная,Петля шпагатная КОМПО-04,"Петля шпагатная ""КОМПО-04-5000 Красный""",110479,459
БЕЛАРУСЬ,Петля продольная,Петля шпагатная КОМПО-04,"Петля шпагатная ""КОМПО-04-5000 Оранжевый""",110484,459
БЕЛАРУСЬ,Петля продольная,Петля шпагатная КОМПО-04,"Петля шпагатная ""КОМПО-04-5000 Синий""",110481,459
БЕЛАРУСЬ,Петля продольная,Петля шпагатная КОМПО-04,"Петля шпагатная ""КОМПО-04-5000 Фиолетовый""",110486,459
БЕЛАРУСЬ,Петля штучная,Петля шпагатная КОМПО-110,"Петля шпагатная ""КОМПО-110-10000 Бежевый""",110461,131
БЕЛАРУСЬ,Петля штучная,Петля шпагатная КОМПО-110,"Петля шпагатная ""КОМПО-110-10000 Белый""",110460,131
БЕЛАРУСЬ,Петля штучная,Петля шпагатная КОМПО-110,"Петля шпагатная ""КОМПО-110-10000 Желтый""",110464,131
БЕЛАРУСЬ,Петля штучная,Петля шпагатная КОМПО-110,"Петля шпагатная ""КОМПО-110-10000 Зеленый""",110465,131
БЕЛАРУСЬ,Петля штучная,Петля шпагатная КОМПО-110,"Петля шпагатная ""КОМПО-110-10000 Красный""",110462,131
БЕЛАРУСЬ,Петля штучная,Петля шпагатная КОМПО-110,"Петля шпагатная ""КОМПО-110-10000 Оранжевый""",110466,131
БЕЛАРУСЬ,Петля штучная,Петля шпагатная КОМПО-110,"Петля шпагатная ""КОМПО-110-10000 Синий""",110463,131
БЕЛАРУСЬ,Петля штучная,Петля шпагатная КОМПО-110,"Петля шпагатная ""КОМПО-110-10000 Фиолетовый""",110467,131
БЕЛАРУСЬ,Петля штучная,Петля шпагатная КОМПО-110,"Петля шпагатная ""КОМПО-110-10000 Черный""",117403,131
БЕЛАРУСЬ,Петля штучная,Петля шпагатная КОМПО-120,"Петля шпагатная ""КОМПО-120-10000 Белый""",110468,134
БЕЛАРУСЬ,Петля штучная,Петля шпагатная КОМПО-120,"Петля шпагатная ""КОМПО-120-10000 Желтый""",110471,134
БЕЛАРУСЬ,Петля штучная,Петля шпагатная КОМПО-120,"Петля шпагатная ""КОМПО-120-10000 Зеленый""",110472,134
БЕЛАРУСЬ,Петля штучная,Петля шпагатная КОМПО-120,"Петля шпагатная ""КОМПО-120-10000 Красный""",110469,134
БЕЛАРУСЬ,Петля штучная,Петля шпагатная КОМПО-120,"Петля шпагатная ""КОМПО-120-10000 Оранжевый""",110473,134
БЕЛАРУСЬ,Петля штучная,Петля шпагатная КОМПО-120,"Петля шпагатная ""КОМПО-120-10000 Синий""",110470,134
БЕЛАРУСЬ,Петля штучная,Петля шпагатная КОМПО-120,"Петля шпагатная ""КОМПО-120-10000 Фиолетовый""",110475,134
БЕЛАРУСЬ,Петля штучная,Петля шпагатная КОМПО-150,"Петля шпагатная ""КОМПО-150-10000 Белый""",142952,143
БЕЛАРУСЬ,Петля штучная,Петля шпагатная КОМПО-90,"Петля шпагатная ""КОМПО-90-10000 Белый""",110452,125
БЕЛАРУСЬ,Петля штучная,Петля шпагатная КОМПО-90,"Петля шпагатная ""КОМПО-90-10000 Желтый""",110456,125
БЕЛАРУСЬ,Петля штучная,Петля шпагатная КОМПО-90,"Петля шпагатная ""КОМПО-90-10000 Зеленый""",110457,125
БЕЛАРУСЬ,Петля штучная,Петля шпагатная КОМПО-90,"Петля шпагатная ""КОМПО-90-10000 Красный""",110453,125
БЕЛАРУСЬ,Петля штучная,Петля шпагатная КОМПО-90,"Петля шпагатная ""КОМПО-90-10000 Оранжевый""",110458,125
БЕЛАРУСЬ,Петля штучная,Петля шпагатная КОМПО-90,"Петля шпагатная ""КОМПО-90-10000 Синий""",110455,125
БЕЛАРУСЬ,Петля штучная,Петля шпагатная КОМПО-90,"Петля шпагатная ""КОМПО-90-10000 Фиолетовый""",110459,125
БЕЛАРУСЬ,Скрепка непрерывная,"Скрепка 15-07/5х1,50","Скрепка ""15-07/5х1,50 Л-М-0.1-6000""",110532,300
БЕЛАРУСЬ,Скрепка непрерывная,"Скрепка 15-07/5х1,50","Скрепка ""15-07/5х1,50 Л-СМ-0.1-6000""",110531,300
БЕЛАРУСЬ,Скрепка непрерывная,"Скрепка 15-07/5х1,50","Скрепка ""15-07/5х1,50 П-М-0.1-6000""",110530,300
БЕЛАРУСЬ,Скрепка непрерывная,"Скрепка 15-07/5х1,50","Скрепка ""15-07/5х1,50 П-СМ-0.1-6000""",110529,300
БЕЛАРУСЬ,Скрепка непрерывная,"Скрепка 15-07/5х1,50","Скрепка Н5-15-07/5х1,50-Л-М",089359,300
БЕЛАРУСЬ,Скрепка непрерывная,"Скрепка 15-07/5х1,50","Скрепка Н5-15-07/5х1,50-Л-ОМ",089360,300
БЕЛАРУСЬ,Скрепка непрерывная,"Скрепка 15-07/5х1,50","Скрепка Н5-15-07/5х1,50-Л-СМ",089358,300
БЕЛАРУСЬ,Скрепка непрерывная,"Скрепка 15-07/5х1,50","Скрепка Н5-15-07/5х1,50-Л-СТ",089357,300
БЕЛАРУСЬ,Скрепка непрерывная,"Скрепка 15-07/5х1,50","Скрепка Н5-15-07/5х1,50-Л-Т",089356,300
БЕЛАРУСЬ,Скрепка непрерывная,"Скрепка 15-07/5х1,50","Скрепка Н5-15-07/5х1,50-П-М",083968,300
БЕЛАРУСЬ,Скрепка непрерывная,"Скрепка 15-07/5х1,50","Скрепка Н5-15-07/5х1,50-П-М Алжир",105972,300
БЕЛАРУСЬ,Скрепка непрерывная,"Скрепка 15-07/5х1,50","Скрепка Н5-15-07/5х1,50-П-ОМ",089355,300
БЕЛАРУСЬ,Скрепка непрерывная,"Скрепка 15-07/5х1,50","Скрепка Н5-15-07/5х1,50-П-СМ",089352,300
БЕЛАРУСЬ,Скрепка непрерывная,"Скрепка 15-07/5х1,50","Скрепка Н5-15-07/5х1,50-П-СТ",089351,300
БЕЛАРУСЬ,Скрепка непрерывная,"Скрепка 15-07/5х1,50","Скрепка Н5-15-07/5х1,50-П-Т",089350,300
БЕЛАРУСЬ,Скрепка непрерывная,"Скрепка 15-07/5х1,75","Скрепка ""15-07/5х1,75 Л-М-0.1-6000""",110537,308
БЕЛАРУСЬ,Скрепка непрерывная,"Скрепка 15-07/5х1,75","Скрепка ""15-07/5х1,75 Л-СМ-0.1-6000""",110536,308
БЕЛАРУСЬ,Скрепка непрерывная,"Скрепка 15-07/5х1,75","Скрепка ""15-07/5х1,75 П-М-0.1-6000""",110535,308
БЕЛАРУСЬ,Скрепка непрерывная,"Скрепка 15-07/5х1,75","Скрепка ""15-07/5х1,75 П-СМ-0.1-6000""",110534,308
БЕЛАРУСЬ,Скрепка непрерывная,"Скрепка 15-07/5х1,75","Скрепка Н6-15-07/5х1,75-Л-М",089370,308
БЕЛАРУСЬ,Скрепка непрерывная,"Скрепка 15-07/5х1,75","Скрепка Н6-15-07/5х1,75-Л-ОМ",089371,308
БЕЛАРУСЬ,Скрепка непрерывная,"Скрепка 15-07/5х1,75","Скрепка Н6-15-07/5х1,75-Л-СМ",089369,308
БЕЛАРУСЬ,Скрепка непрерывная,"Скрепка 15-07/5х1,75","Скрепка Н6-15-07/5х1,75-Л-СТ",089368,308
БЕЛАРУСЬ,Скрепка непрерывная,"Скрепка 15-07/5х1,75","Скрепка Н6-15-07/5х1,75-Л-Т",089367,308
БЕЛАРУСЬ,Скрепка непрерывная,"Скрепка 15-07/5х1,75","Скрепка Н6-15-07/5х1,75-П-М",085109,308
БЕЛАРУСЬ,Скрепка непрерывная,"Скрепка 15-07/5х1,75","Скрепка Н6-15-07/5х1,75-П-ОМ",089366,308
БЕЛАРУСЬ,Скрепка непрерывная,"Скрепка 15-07/5х1,75","Скрепка Н6-15-07/5х1,75-П-СМ",089364,308
БЕЛАРУСЬ,Скрепка непрерывная,"Скрепка 15-07/5х1,75","Скрепка Н6-15-07/5х1,75-П-СТ",089363,308
БЕЛАРУСЬ,Скрепка непрерывная,"Скрепка 15-07/5х1,75","Скрепка Н6-15-07/5х1,75-П-Т",089361,308
БЕЛАРУСЬ,Скрепка непрерывная,"Скрепка 15-08/5х1,50","Скрепка ""15-08/5х1,50 Л-М-0.1-5000""",110542,316
БЕЛАРУСЬ,Скрепка непрерывная,"Скрепка 15-08/5х1,50","Скрепка ""15-08/5х1,50 Л-СМ-0.1-5000""",110541,316
БЕЛАРУСЬ,Скрепка непрерывная,"Скрепка 15-08/5х1,50","Скрепка ""15-08/5х1,50 П-М-0.1-5000""",110539,316
БЕЛАРУСЬ,Скрепка непрерывная,"Скрепка 15-08/5х1,50","Скрепка ""15-08/5х1,50 П-СМ-0.1-5000""",110538,316
БЕЛАРУСЬ,Скрепка непрерывная,"Скрепка 15-08/5х1,50","Скрепка ""15-08/5х1,50 П-Т-0.1-5000""",117814,316
БЕЛАРУСЬ,Скрепка непрерывная,"Скрепка 15-08/5х1,50","Скрепка Н7-15-08/5х1,50-Л-М",089380,316
БЕЛАРУСЬ,Скрепка непрерывная,"Скрепка 15-08/5х1,50","Скрепка Н7-15-08/5х1,50-Л-ОМ",089381,316
БЕЛАРУСЬ,Скрепка непрерывная,"Скрепка 15-08/5х1,50","Скрепка Н7-15-08/5х1,50-Л-СМ",089379,316
БЕЛАРУСЬ,Скрепка непрерывная,"Скрепка 15-08/5х1,50","Скрепка Н7-15-08/5х1,50-Л-СТ",089378,316
БЕЛАРУСЬ,Скрепка непрерывная,"Скрепка 15-08/5х1,50","Скрепка Н7-15-08/5х1,50-Л-Т",089377,316
БЕЛАРУСЬ,Скрепка непрерывная,"Скрепка 15-08/5х1,50","Скрепка Н7-15-08/5х1,50-П-М",089375,316
БЕЛАРУСЬ,Скрепка непрерывная,"Скрепка 15-08/5х1,50","Скрепка Н7-15-08/5х1,50-П-ОМ",089376,316
БЕЛАРУСЬ,Скрепка непрерывная,"Скрепка 15-08/5х1,50","Скрепка Н7-15-08/5х1,50-П-СМ",053382,316
БЕЛАРУСЬ,Скрепка непрерывная,"Скрепка 15-08/5х1,50","Скрепка Н7-15-08/5х1,50-П-СМ",103893,316
БЕЛАРУСЬ,Скрепка непрерывная,"Скрепка 15-08/5х1,50","Скрепка Н7-15-08/5х1,50-П-СМ Алжир",105970,316
БЕЛАРУСЬ,Скрепка непрерывная,"Скрепка 15-08/5х1,50","Скрепка Н7-15-08/5х1,50-П-СТ",089373,316
БЕЛАРУСЬ,Скрепка непрерывная,"Скрепка 15-08/5х1,50","Скрепка Н7-15-08/5х1,50-П-Т",089372,316
БЕЛАРУСЬ,Скрепка непрерывная,"Скрепка 15-08/5х1,75","Скрепка ""15-08/5х1,75 Л-М-0.1-5000""",110551,325
БЕЛАРУСЬ,Скрепка непрерывная,"Скрепка 15-08/5х1,75","Скрепка ""15-08/5х1,75 Л-СМ-0.1-5000""",110550,325
БЕЛАРУСЬ,Скрепка непрерывная,"Скрепка 15-08/5х1,75","Скрепка ""15-08/5х1,75 П-М-0.1-5000""",110549,325
БЕЛАРУСЬ,Скрепка непрерывная,"Скрепка 15-08/5х1,75","Скрепка ""15-08/5х1,75 П-СМ-0.1-5000""",110544,325
БЕЛАРУСЬ,Скрепка непрерывная,"Скрепка 15-08/5х1,75","Скрепка ""15-08/5х1,75 П-Т-0.1-5000""",117817,325
БЕЛАРУСЬ,Скрепка непрерывная,"Скрепка 15-08/5х1,75","Скрепка Н8-15-08/5х1,75-Л-М",089390,325
БЕЛАРУСЬ,Скрепка непрерывная,"Скрепка 15-08/5х1,75","Скрепка Н8-15-08/5х1,75-Л-ОМ",089391,325
БЕЛАРУСЬ,Скрепка непрерывная,"Скрепка 15-08/5х1,75","Скрепка Н8-15-08/5х1,75-Л-СМ",089389,325
БЕЛАРУСЬ,Скрепка непрерывная,"Скрепка 15-08/5х1,75","Скрепка Н8-15-08/5х1,75-Л-СТ",089388,325
БЕЛАРУСЬ,Скрепка непрерывная,"Скрепка 15-08/5х1,75","Скрепка Н8-15-08/5х1,75-Л-Т",089387,325
БЕЛАРУСЬ,Скрепка непрерывная,"Скрепка 15-08/5х1,75","Скрепка Н8-15-08/5х1,75-П-М",089385,325
БЕЛАРУСЬ,Скрепка непрерывная,"Скрепка 15-08/5х1,75","Скрепка Н8-15-08/5х1,75-П-ОМ",089386,325
БЕЛАРУСЬ,Скрепка непрерывная,"Скрепка 15-08/5х1,75","Скрепка Н8-15-08/5х1,75-П-СМ",061745,325
БЕЛАРУСЬ,Скрепка непрерывная,"Скрепка 15-08/5х1,75","Скрепка Н8-15-08/5х1,75-П-СТ",089383,325
БЕЛАРУСЬ,Скрепка непрерывная,"Скрепка 15-08/5х1,75","Скрепка Н8-15-08/5х1,75-П-Т",089382,325
БЕЛАРУСЬ,Скрепка непрерывная,"Скрепка 15-08/5х1,75","Скрепка непрерывная Н8-15-08/5х1,75",061639,325
БЕЛАРУСЬ,Скрепка непрерывная,"Скрепка 15-09/5х1,50","Скрепка ""15-09/5х1,50 Л-М-0.1-5000""",110556,346
БЕЛАРУСЬ,Скрепка непрерывная,"Скрепка 15-09/5х1,50","Скрепка ""15-09/5х1,50 Л-СМ-0.1-5000""",110555,346
БЕЛАРУСЬ,Скрепка непрерывная,"Скрепка 15-09/5х1,50","Скрепка ""15-09/5х1,50 П-М-0.1-5000""",110554,346
БЕЛАРУСЬ,Скрепка непрерывная,"Скрепка 15-09/5х1,50","Скрепка ""15-09/5х1,50 П-СМ-0.1-5000""",110553,346
БЕЛАРУСЬ,Скрепка непрерывная,"Скрепка 15-09/5х1,50","Скрепка ""15-09/5х1,50 П-Т-0.1-5000""",117818,346
БЕЛАРУСЬ,Скрепка непрерывная,"Скрепка 15-09/5х1,50","Скрепка Н9-15-09/5х1,50-Л-М",089400,346
БЕЛАРУСЬ,Скрепка непрерывная,"Скрепка 15-09/5х1,50","Скрепка Н9-15-09/5х1,50-Л-ОМ",089401,346
БЕЛАРУСЬ,Скрепка непрерывная,"Скрепка 15-09/5х1,50","Скрепка Н9-15-09/5х1,50-Л-СМ",089399,346
БЕЛАРУСЬ,Скрепка непрерывная,"Скрепка 15-09/5х1,50","Скрепка Н9-15-09/5х1,50-Л-СТ",089398,346
БЕЛАРУСЬ,Скрепка непрерывная,"Скрепка 15-09/5х1,50","Скрепка Н9-15-09/5х1,50-Л-Т",089397,346
БЕЛАРУСЬ,Скрепка непрерывная,"Скрепка 15-09/5х1,50","Скрепка Н9-15-09/5х1,50-П-М",089395,346
БЕЛАРУСЬ,Скрепка непрерывная,"Скрепка 15-09/5х1,50","Скрепка Н9-15-09/5х1,50-П-ОМ",089396,346
БЕЛАРУСЬ,Скрепка непрерывная,"Скрепка 15-09/5х1,50","Скрепка Н9-15-09/5х1,50-П-СМ",064404,346
БЕЛАРУСЬ,Скрепка непрерывная,"Скрепка 15-09/5х1,50","Скрепка Н9-15-09/5х1,50-П-СТ",089393,346
БЕЛАРУСЬ,Скрепка непрерывная,"Скрепка 15-09/5х1,50","Скрепка Н9-15-09/5х1,50-П-Т",089392,346
БЕЛАРУСЬ,Скрепка непрерывная,"Скрепка 15-09/5х1,75","Скрепка ""15-09/5х1,75 Л-М-0.1-5000""",110562,354
БЕЛАРУСЬ,Скрепка непрерывная,"Скрепка 15-09/5х1,75","Скрепка ""15-09/5х1,75 Л-ОМ-0.1-5000""",110561,354
БЕЛАРУСЬ,Скрепка непрерывная,"Скрепка 15-09/5х1,75","Скрепка ""15-09/5х1,75 Л-СМ-0.1-5000""",110560,354
БЕЛАРУСЬ,Скрепка непрерывная,"Скрепка 15-09/5х1,75","Скрепка ""15-09/5х1,75 Л-Т-0.1-5000""",117819,354
БЕЛАРУСЬ,Скрепка непрерывная,"Скрепка 15-09/5х1,75","Скрепка ""15-09/5х1,75 П-М-0.1-5000""",110559,354
БЕЛАРУСЬ,Скрепка непрерывная,"Скрепка 15-09/5х1,75","Скрепка ""15-09/5х1,75 П-СМ-0.1-5000""",110557,354
БЕЛАРУСЬ,Скрепка непрерывная,"Скрепка 15-09/5х1,75","Скрепка Н10-15-09/5х1,75-Л-М",089410,354
БЕЛАРУСЬ,Скрепка непрерывная,"Скрепка 15-09/5х1,75","Скрепка Н10-15-09/5х1,75-Л-ОМ",089411,354
БЕЛАРУСЬ,Скрепка непрерывная,"Скрепка 15-09/5х1,75","Скрепка Н10-15-09/5х1,75-Л-СМ",053377,354
БЕЛАРУСЬ,Скрепка непрерывная,"Скрепка 15-09/5х1,75","Скрепка Н10-15-09/5х1,75-Л-СТ",089408,354
БЕЛАРУСЬ,Скрепка непрерывная,"Скрепка 15-09/5х1,75","Скрепка Н10-15-09/5х1,75-Л-Т",089407,354
БЕЛАРУСЬ,Скрепка непрерывная,"Скрепка 15-09/5х1,75","Скрепка Н10-15-09/5х1,75-П-М",089405,354
БЕЛАРУСЬ,Скрепка непрерывная,"Скрепка 15-09/5х1,75","Скрепка Н10-15-09/5х1,75-П-ОМ",089406,354
БЕЛАРУСЬ,Скрепка непрерывная,"Скрепка 15-09/5х1,75","Скрепка Н10-15-09/5х1,75-П-СМ",089404,354
БЕЛАРУСЬ,Скрепка непрерывная,"Скрепка 15-09/5х1,75","Скрепка Н10-15-09/5х1,75-П-СТ",089403,354
БЕЛАРУСЬ,Скрепка непрерывная,"Скрепка 15-09/5х1,75","Скрепка Н10-15-09/5х1,75-П-Т",089402,354
БЕЛАРУСЬ,Скрепка непрерывная,"Скрепка 17-09/5х2,00","Скрепка ""17-09/5х2,00 П-СМ-0.1-4000""",124071,433
БЕЛАРУСЬ,Скрепка непрерывная,"Скрепка 18-07/5X1,75","Скрепка 18-07/5X1,75 для колбасных батонов 83-219420",078432,400
БЕЛАРУСЬ,Скрепка непрерывная,"Скрепка 18-07/5х1,50","Скрепка ""18-07/5х1,50 П-СМ-0.1-4000""",121001,366
БЕЛАРУСЬ,Скрепка непрерывная,"Скрепка 18-07/5х1,75","Скрепка ""18-07/5х1,75 Л-М-0.1-4000""",110566,400
БЕЛАРУСЬ,Скрепка непрерывная,"Скрепка 18-07/5х1,75","Скрепка ""18-07/5х1,75 Л-СМ-0.1-4000""",110565,400
БЕЛАРУСЬ,Скрепка непрерывная,"Скрепка 18-07/5х1,75","Скрепка ""18-07/5х1,75 Л-Т-0.1-4000""",117820,400
БЕЛАРУСЬ,Скрепка непрерывная,"Скрепка 18-07/5х1,75","Скрепка ""18-07/5х1,75 П-М-0.1-4000""",110564,400
БЕЛАРУСЬ,Скрепка непрерывная,"Скрепка 18-07/5х1,75","Скрепка ""18-07/5х1,75 П-СМ-0.1-4000""",110563,400
БЕЛАРУСЬ,Скрепка непрерывная,"Скрепка 18-07/5х1,75","Скрепка Н12-18-07/5х1,75-Л-М",089420,400
БЕЛАРУСЬ,Скрепка непрерывная,"Скрепка 18-07/5х1,75","Скрепка Н12-18-07/5х1,75-Л-ОМ",089421,400
БЕЛАРУСЬ,Скрепка непрерывная,"Скрепка 18-07/5х1,75","Скрепка Н12-18-07/5х1,75-Л-СМ",089419,400
БЕЛАРУСЬ,Скрепка непрерывная,"Скрепка 18-07/5х1,75","Скрепка Н12-18-07/5х1,75-Л-СТ",089418,400
БЕЛАРУСЬ,Скрепка непрерывная,"Скрепка 18-07/5х1,75","Скрепка Н12-18-07/5х1,75-Л-Т",089417,400
БЕЛАРУСЬ,Скрепка непрерывная,"Скрепка 18-07/5х1,75","Скрепка Н12-18-07/5х1,75-П-М",089415,400
БЕЛАРУСЬ,Скрепка непрерывная,"Скрепка 18-07/5х1,75","Скрепка Н12-18-07/5х1,75-П-ОМ",089416,400
БЕЛАРУСЬ,Скрепка непрерывная,"Скрепка 18-07/5х1,75","Скрепка Н12-18-07/5х1,75-П-СМ",089414,400
БЕЛАРУСЬ,Скрепка непрерывная,"Скрепка 18-07/5х1,75","Скрепка Н12-18-07/5х1,75-П-СТ",089413,400
БЕЛАРУСЬ,Скрепка непрерывная,"Скрепка 18-07/5х1,75","Скрепка Н12-18-07/5х1,75-П-Т",089412,400
БЕЛАРУСЬ,Скрепка непрерывная,"Скрепка 18-09/5х1,75","Скрепка ""18-09/5х1,75 Л-М-0.1-4000""",110570,412
БЕЛАРУСЬ,Скрепка непрерывная,"Скрепка 18-09/5х1,75","Скрепка ""18-09/5х1,75 Л-СМ-0.1-4000""",110569,412
БЕЛАРУСЬ,Скрепка непрерывная,"Скрепка 18-09/5х1,75","Скрепка ""18-09/5х1,75 П-М-0.1-4000""",110568,412
БЕЛАРУСЬ,Скрепка непрерывная,"Скрепка 18-09/5х1,75","Скрепка ""18-09/5х1,75 П-СМ-0.1-4000""",110567,412
БЕЛАРУСЬ,Скрепка непрерывная,"Скрепка 18-09/5х1,75","Скрепка ""18-09/5х1,75 П-СМ-0.3-4000""",116341,412
БЕЛАРУСЬ,Скрепка непрерывная,"Скрепка 18-09/5х1,75","Скрепка ""18-09/5х1,75 П-Т-0.1-4000""",117821,412
БЕЛАРУСЬ,Скрепка непрерывная,"Скрепка 18-09/5х1,75","Скрепка ""18-09/5х1,75 П-Т-0.3-4000""",117823,412
БЕЛАРУСЬ,Скрепка непрерывная,"Скрепка 18-09/5х1,75","Скрепка Н13-18-09/5х1,75-Л-М",089430,412
БЕЛАРУСЬ,Скрепка непрерывная,"Скрепка 18-09/5х1,75","Скрепка Н13-18-09/5х1,75-Л-ОМ",089431,412
БЕЛАРУСЬ,Скрепка непрерывная,"Скрепка 18-09/5х1,75","Скрепка Н13-18-09/5х1,75-Л-СМ",089429,412
БЕЛАРУСЬ,Скрепка непрерывная,"Скрепка 18-09/5х1,75","Скрепка Н13-18-09/5х1,75-Л-СТ",089428,412
БЕЛАРУСЬ,Скрепка непрерывная,"Скрепка 18-09/5х1,75","Скрепка Н13-18-09/5х1,75-Л-Т",089427,412
БЕЛАРУСЬ,Скрепка непрерывная,"Скрепка 18-09/5х1,75","Скрепка Н13-18-09/5х1,75-П-М",089425,412
БЕЛАРУСЬ,Скрепка непрерывная,"Скрепка 18-09/5х1,75","Скрепка Н13-18-09/5х1,75-П-ОМ",089426,412
БЕЛАРУСЬ,Скрепка непрерывная,"Скрепка 18-09/5х1,75","Скрепка Н13-18-09/5х1,75-П-СМ",053379,412
БЕЛАРУСЬ,Скрепка непрерывная,"Скрепка 18-09/5х1,75","Скрепка Н13-18-09/5х1,75-П-СТ",089423,412
БЕЛАРУСЬ,Скрепка непрерывная,"Скрепка 18-09/5х1,75","Скрепка Н13-18-09/5х1,75-П-Т",089422,412
БЕЛАРУСЬ,Скрепка непрерывная,"Скрепка 18-09/5х2,00 Л","Скрепка ""18-09/5х2,00 Л-М-0.1-4000""",110592,437
БЕЛАРУСЬ,Скрепка непрерывная,"Скрепка 18-09/5х2,00 Л","Скрепка ""18-09/5х2,00 Л-М-0.2-4000""",110593,437
БЕЛАРУСЬ,Скрепка непрерывная,"Скрепка 18-09/5х2,00 Л","Скрепка ""18-09/5х2,00 Л-М-0.3-4000""",110594,437
БЕЛАРУСЬ,Скрепка непрерывная,"Скрепка 18-09/5х2,00 Л","Скрепка ""18-09/5х2,00 Л-ОМ-0.1-4000""",111913,437
БЕЛАРУСЬ,Скрепка непрерывная,"Скрепка 18-09/5х2,00 Л","Скрепка ""18-09/5х2,00 Л-СМ-0.1-4000""",110589,437
БЕЛАРУСЬ,Скрепка непрерывная,"Скрепка 18-09/5х2,00 Л","Скрепка ""18-09/5х2,00 Л-СМ-0.2-4000""",110590,437
БЕЛАРУСЬ,Скрепка непрерывная,"Скрепка 18-09/5х2,00 Л","Скрепка ""18-09/5х2,00 Л-СМ-0.3-4000""",110591,437
БЕЛАРУСЬ,Скрепка непрерывная,"Скрепка 18-09/5х2,00 Л","Скрепка ""18-09/5х2,00 Л-Т-0.1-4000""",117824,437
БЕЛАРУСЬ,Скрепка непрерывная,"Скрепка 18-09/5х2,00 Л","Скрепка ""18-09/5х2,00 Л-Т-0.3-4000""",117825,437
БЕЛАРУСЬ,Скрепка непрерывная,"Скрепка 18-09/5х2,00 Л","Скрепка Н14-18-09/5х2,00-Л-М",089460,437
БЕЛАРУСЬ,Скрепка непрерывная,"Скрепка 18-09/5х2,00 Л","Скрепка Н14-18-09/5х2,00-Л-ОМ",089461,437
БЕЛАРУСЬ,Скрепка непрерывная,"Скрепка 18-09/5х2,00 Л","Скрепка Н14-18-09/5х2,00-Л-СМ",076572,437
БЕЛАРУСЬ,Скрепка непрерывная,"Скрепка 18-09/5х2,00 Л","Скрепка Н14-18-09/5х2,00-Л-СМ Алжир",105971,437
БЕЛАРУСЬ,Скрепка непрерывная,"Скрепка 18-09/5х2,00 Л","Скрепка Н14-18-09/5х2,00-Л-СТ",089458,437
БЕЛАРУСЬ,Скрепка непрерывная,"Скрепка 18-09/5х2,00 Л","Скрепка Н14-18-09/5х2,00-Л-Т",089457,437
БЕЛАРУСЬ,Скрепка непрерывная,"Скрепка 18-09/5х2,00 Л",Скрепка непрерывная Н14-18-09/5х2 (Н14 Skawina ),076573,437
БЕЛАРУСЬ,Скрепка непрерывная,"Скрепка 18-09/5х2,00 П","Скрепка ""18-09/5х2,00 П-М-0.1-4000""",110586,437
БЕЛАРУСЬ,Скрепка непрерывная,"Скрепка 18-09/5х2,00 П","Скрепка ""18-09/5х2,00 П-М-0.2-4000""",110587,437
БЕЛАРУСЬ,Скрепка непрерывная,"Скрепка 18-09/5х2,00 П","Скрепка ""18-09/5х2,00 П-М-0.3-4000""",110588,437
БЕЛАРУСЬ,Скрепка непрерывная,"Скрепка 18-09/5х2,00 П","Скрепка ""18-09/5х2,00 П-ОМ-0.1-4000""",111912,437
БЕЛАРУСЬ,Скрепка непрерывная,"Скрепка 18-09/5х2,00 П","Скрепка ""18-09/5х2,00 П-СМ-0.1-4000""",110583,437
БЕЛАРУСЬ,Скрепка непрерывная,"Скрепка 18-09/5х2,00 П","Скрепка ""18-09/5х2,00 П-СМ-0.2-4000""",110584,437
БЕЛАРУСЬ,Скрепка непрерывная,"Скрепка 18-09/5х2,00 П","Скрепка ""18-09/5х2,00 П-СМ-0.3-4000""",110585,437
БЕЛАРУСЬ,Скрепка непрерывная,"Скрепка 18-09/5х2,00 П","Скрепка ""18-09/5х2,00 П-СМ-0.4-4000""",144597,437
БЕЛАРУСЬ,Скрепка непрерывная,"Скрепка 18-09/5х2,00 П","Скрепка ""18-09/5х2,00 П-Т-0.1-4000""",117826,437
БЕЛАРУСЬ,Скрепка непрерывная,"Скрепка 18-09/5х2,00 П","Скрепка ""18-09/5х2,00 П-Т-0.2-4000""",117827,437
БЕЛАРУСЬ,Скрепка непрерывная,"Скрепка 18-09/5х2,00 П","Скрепка ""18-09/5х2,00 П-Т-0.3-4000""",117828,437
БЕЛАРУСЬ,Скрепка непрерывная,"Скрепка 18-09/5х2,00 П","Скрепка Н14-18-09/5х2,00-П-М",085768,437
БЕЛАРУСЬ,Скрепка непрерывная,"Скрепка 18-09/5х2,00 П","Скрепка Н14-18-09/5х2,00-П-ОМ",089456,437
БЕЛАРУСЬ,Скрепка непрерывная,"Скрепка 18-09/5х2,00 П","Скрепка Н14-18-09/5х2,00-П-СМ",053380,437
БЕЛАРУСЬ,Скрепка непрерывная,"Скрепка 18-09/5х2,00 П","Скрепка Н14-18-09/5х2,00-П-СТ",089452,437
БЕЛАРУСЬ,Скрепка непрерывная,"Скрепка 18-09/5х2,00 П","Скрепка Н14-18-09/5х2,00-П-Т",089454,437
БЕЛАРУСЬ,Скрепка непрерывная,"Скрепка 18-10/5X2,2","Скрепка 18-10/5X2,2 для колбасных батонов 83-219580/35",077263,500
БЕЛАРУСЬ,Скрепка непрерывная,"Скрепка 18-11/5х2,00 Л","Скрепка ""18-11/5х2,00 Л-М-0.1-3000""",110600,500
БЕЛАРУСЬ,Скрепка непрерывная,"Скрепка 18-11/5х2,00 Л","Скрепка ""18-11/5х2,00 Л-СМ-0.1-3000""",110599,500
БЕЛАРУСЬ,Скрепка непрерывная,"Скрепка 18-11/5х2,00 Л","Скрепка ""18-11/5х2,00 Л-Т-0.1-3000""",117829,500
БЕЛАРУСЬ,Скрепка непрерывная,"Скрепка 18-11/5х2,00 Л","Скрепка Н17-18-11/5х2,00-Л-М",089440,500
БЕЛАРУСЬ,Скрепка непрерывная,"Скрепка 18-11/5х2,00 Л","Скрепка Н17-18-11/5х2,00-Л-ОМ",089441,500
БЕЛАРУСЬ,Скрепка непрерывная,"Скрепка 18-11/5х2,00 Л","Скрепка Н17-18-11/5х2,00-Л-СМ",089434,500
БЕЛАРУСЬ,Скрепка непрерывная,"Скрепка 18-11/5х2,00 Л","Скрепка Н17-18-11/5х2,00-Л-СТ",089438,500
БЕЛАРУСЬ,Скрепка непрерывная,"Скрепка 18-11/5х2,00 Л","Скрепка Н17-18-11/5х2,00-Л-Т",089437,500
БЕЛАРУСЬ,Скрепка непрерывная,"Скрепка 18-11/5х2,00 П","Скрепка ""18-11/5х2,00 П-М-0.1-3000""",110598,500
БЕЛАРУСЬ,Скрепка непрерывная,"Скрепка 18-11/5х2,00 П","Скрепка ""18-11/5х2,00 П-СМ-0.1-3000""",110597,500
БЕЛАРУСЬ,Скрепка непрерывная,"Скрепка 18-11/5х2,00 П","Скрепка ""18-11/5х2,00 П-Т-0.1-3000""",117830,500
БЕЛАРУСЬ,Скрепка непрерывная,"Скрепка 18-11/5х2,00 П","Скрепка Н17-18-11/5х2,00-П-М",089435,500
БЕЛАРУСЬ,Скрепка непрерывная,"Скрепка 18-11/5х2,00 П","Скрепка Н17-18-11/5х2,00-П-ОМ",089436,500
БЕЛАРУСЬ,Скрепка непрерывная,"Скрепка 18-11/5х2,00 П","Скрепка Н17-18-11/5х2,00-П-СМ",053381,500
БЕЛАРУСЬ,Скрепка непрерывная,"Скрепка 18-11/5х2,00 П","Скрепка Н17-18-11/5х2,00-П-СТ",089433,500
БЕЛАРУСЬ,Скрепка непрерывная,"Скрепка 18-11/5х2,00 П","Скрепка Н17-18-11/5х2,00-П-Т",089432,500
БЕЛАРУСЬ,Скрепка непрерывная,"Скрепка 18-11/5х2,20","Скрепка ""18-11/5х2,20 Л-М-0.1-3000""",110605,508
БЕЛАРУСЬ,Скрепка непрерывная,"Скрепка 18-11/5х2,20","Скрепка ""18-11/5х2,20 Л-СМ-0.1-3000""",110604,508
БЕЛАРУСЬ,Скрепка непрерывная,"Скрепка 18-11/5х2,20","Скрепка ""18-11/5х2,20 П-М-0.1-3000""",110603,508
БЕЛАРУСЬ,Скрепка непрерывная,"Скрепка 18-11/5х2,20","Скрепка ""18-11/5х2,20 П-СМ-0.1-3000""",110601,508
БЕЛАРУСЬ,Скрепка непрерывная,"Скрепка 18-11/5х2,20","Скрепка ""18-11/5х2,20 П-Т-0.1-3000""",117831,508
БЕЛАРУСЬ,Скрепка непрерывная,"Скрепка 18-11/5х2,20","Скрепка Н18-18-11/5х2,20-Л-М",089450,508
БЕЛАРУСЬ,Скрепка непрерывная,"Скрепка 18-11/5х2,20","Скрепка Н18-18-11/5х2,20-Л-ОМ",089451,508
БЕЛАРУСЬ,Скрепка непрерывная,"Скрепка 18-11/5х2,20","Скрепка Н18-18-11/5х2,20-Л-СМ",089449,508
БЕЛАРУСЬ,Скрепка непрерывная,"Скрепка 18-11/5х2,20","Скрепка Н18-18-11/5х2,20-Л-СТ",089448,508
БЕЛАРУСЬ,Скрепка непрерывная,"Скрепка 18-11/5х2,20","Скрепка Н18-18-11/5х2,20-Л-Т",089447,508
БЕЛАРУСЬ,Скрепка непрерывная,"Скрепка 18-11/5х2,20","Скрепка Н18-18-11/5х2,20-П-М",089445,508
БЕЛАРУСЬ,Скрепка непрерывная,"Скрепка 18-11/5х2,20","Скрепка Н18-18-11/5х2,20-П-ОМ",089446,508
БЕЛАРУСЬ,Скрепка непрерывная,"Скрепка 18-11/5х2,20","Скрепка Н18-18-11/5х2,20-П-СМ",089444,508
БЕЛАРУСЬ,Скрепка непрерывная,"Скрепка 18-11/5х2,20","Скрепка Н18-18-11/5х2,20-П-СТ",089443,508
БЕЛАРУСЬ,Скрепка непрерывная,"Скрепка 18-11/5х2,20","Скрепка Н18-18-11/5х2,20-П-Т",089442,508
БЕЛАРУСЬ,Скрепка непрерывная,"Скрепка 18-12/5х2,00","Скрепка ""18-12/5х2,00 П-СМ-0.1-3000""",125279,508
БЕЛАРУСЬ,Скрепка непрерывная,"Скрепка 18-12/5х2,00","Скрепка ""18-13/5х2,00 П-СМ-0.1-3000""",142235,508
БЕЛАРУСЬ,Скрепка непрерывная,"Скрепка 18-12/5х2,00","Скрепка Н19-18-12/5х2,00-Л-М",089608,508
БЕЛАРУСЬ,Скрепка непрерывная,"Скрепка 18-12/5х2,00","Скрепка Н19-18-12/5х2,00-Л-ОМ",089609,508
БЕЛАРУСЬ,Скрепка непрерывная,"Скрепка 18-12/5х2,00","Скрепка Н19-18-12/5х2,00-Л-СМ",089607,508
БЕЛАРУСЬ,Скрепка непрерывная,"Скрепка 18-12/5х2,00","Скрепка Н19-18-12/5х2,00-Л-СТ",089606,508
БЕЛАРУСЬ,Скрепка непрерывная,"Скрепка 18-12/5х2,00","Скрепка Н19-18-12/5х2,00-Л-Т",089605,508
БЕЛАРУСЬ,Скрепка непрерывная,"Скрепка 18-12/5х2,00","Скрепка Н19-18-12/5х2,00-П-М",089603,508
БЕЛАРУСЬ,Скрепка непрерывная,"Скрепка 18-12/5х2,00","Скрепка Н19-18-12/5х2,00-П-ОМ",089604,508
БЕЛАРУСЬ,Скрепка непрерывная,"Скрепка 18-12/5х2,00","Скрепка Н19-18-12/5х2,00-П-СТ",089601,508
БЕЛАРУСЬ,Скрепка непрерывная,"Скрепка 18-12/5х2,00","Скрепка Н19-18-12/5х2,00-П-Т",089600,508
БЕЛАРУСЬ,Скрепка непрерывная,"Скрепка 18-12/5х2,00","Скрепка непрерывная 18-12/5х2,0",12,508
БЕЛАРУСЬ,Скрепка непрерывная,"Скрепка 18-12/5х2,20","Скрепка ""18-12/5х2,20 Л-М-0.1-3000""",110609,542
БЕЛАРУСЬ,Скрепка непрерывная,"Скрепка 18-12/5х2,20","Скрепка ""18-12/5х2,20 Л-СМ-0.1-3000""",110608,542
БЕЛАРУСЬ,Скрепка непрерывная,"Скрепка 18-12/5х2,20","Скрепка ""18-12/5х2,20 П-М-0.1-3000""",110607,542
БЕЛАРУСЬ,Скрепка непрерывная,"Скрепка 18-12/5х2,20","Скрепка ""18-12/5х2,20 П-СМ-0.1-3000""",110606,542
БЕЛАРУСЬ,Скрепка непрерывная,"Скрепка 18-12/5х2,20","Скрепка Н20-18-12/5х2,20-Л-М",089597,542
БЕЛАРУСЬ,Скрепка непрерывная,"Скрепка 18-12/5х2,20","Скрепка Н20-18-12/5х2,20-Л-ОМ",089598,542
БЕЛАРУСЬ,Скрепка непрерывная,"Скрепка 18-12/5х2,20","Скрепка Н20-18-12/5х2,20-Л-СМ",089596,542
БЕЛАРУСЬ,Скрепка непрерывная,"Скрепка 18-12/5х2,20","Скрепка Н20-18-12/5х2,20-Л-СТ",089594,542
БЕЛАРУСЬ,Скрепка непрерывная,"Скрепка 18-12/5х2,20","Скрепка Н20-18-12/5х2,20-Л-Т",089593,542
БЕЛАРУСЬ,Скрепка непрерывная,"Скрепка 18-12/5х2,20","Скрепка Н20-18-12/5х2,20-П-М",089591,542
БЕЛАРУСЬ,Скрепка непрерывная,"Скрепка 18-12/5х2,20","Скрепка Н20-18-12/5х2,20-П-ОМ",089592,542
БЕЛАРУСЬ,Скрепка непрерывная,"Скрепка 18-12/5х2,20","Скрепка Н20-18-12/5х2,20-П-СМ",089590,542
БЕЛАРУСЬ,Скрепка непрерывная,"Скрепка 18-12/5х2,20","Скрепка Н20-18-12/5х2,20-П-СТ",089589,542
БЕЛАРУСЬ,Скрепка непрерывная,"Скрепка 18-12/5х2,20","Скрепка Н20-18-12/5х2,20-П-Т",089588,542
БЕЛАРУСЬ,Скрепка П образная,"Скрепка ""РСS2 CМ""","Скрепка ""РСS2 CМ""",125334,721
БЕЛАРУСЬ,Скрепка П образная,"Скрепка ""РСS3 CМ""","Скрепка ""РСS3 CМ""",125341,754
БЕЛАРУСЬ,Скрепка П образная,Скрепка E2,"Скрепка ""Е2 Т""",120432,637
БЕЛАРУСЬ,Скрепка П образная,Скрепка А1,"Скрепка ""А1 СМ""",117741,160
БЕЛАРУСЬ,Скрепка П образная,Скрепка А2,"Скрепка ""А2 СМ""",117742,162
БЕЛАРУСЬ,Скрепка П образная,Скрепка А3,"Скрепка ""А3 СМ""",117743,167
БЕЛАРУСЬ,Скрепка П образная,Скрепка В1,"Скрепка ""В1 СМ""",117745,267
БЕЛАРУСЬ,Скрепка П образная,Скрепка В2,"Скрепка ""В2 Х-СМ""",117747,288
БЕЛАРУСЬ,Скрепка П образная,Скрепка В2,"Скрепка ""В2 Х-Т""",121901,288
БЕЛАРУСЬ,Скрепка П образная,Скрепка В2,Скрепка В2-T,117747,288
БЕЛАРУСЬ,Скрепка П образная,Скрепка В3,"Скрепка ""В3 СМ""",117749,329
БЕЛАРУСЬ,Скрепка П образная,Скрепка В4,Скрепка В4,144137,315
БЕЛАРУСЬ,Скрепка П образная,Скрепка ВР1,"Скрепка ""ВР1 СМ""",117751,300
БЕЛАРУСЬ,Скрепка П образная,Скрепка ВР2,"Скрепка ""ВР2 Х-СМ""",117753,321
БЕЛАРУСЬ,Скрепка П образная,Скрепка ВР2,"Скрепка ""ВР2 Х-Т""",118890,321
БЕЛАРУСЬ,Скрепка П образная,Скрепка ВР3,"Скрепка ""ВР3 СМ""",117755,371
БЕЛАРУСЬ,Скрепка П образная,Скрепка Е,"Скрепка ""Е СМ""",118716,521
БЕЛАРУСЬ,Скрепка П образная,Скрепка Е,"Скрепка ""Е1 СМ""",117756,521
БЕЛАРУСЬ,Скрепка П образная,Скрепка Е1,"Скрепка ""Е1 СМ""",117756,580
БЕЛАРУСЬ,Скрепка П образная,Скрепка Е2,"Скрепка ""Е2 СМ""",117758,637
БЕЛАРУСЬ,Скрепка П образная,Скрепка Е2,"Скрепка ""Е2 Т""",120432,637
БЕЛАРУСЬ,Скрепка П образная,Скрепка Е3,"Скрепка ""Е3 СМ""",117760,706
БЕЛАРУСЬ,Скрепка П образная,Скрепка Е4,"Скрепка ""Е4 СМ""",117762,744
БЕЛАРУСЬ,Скрепка П образная,Скрепка Е4,"Скрепка ""Е4 Х-СМ""",117762,744
БЕЛАРУСЬ,Скрепка П образная,Скрепка РСА1,"Скрепка ""РСА1 СМ""",117770,265
БЕЛАРУСЬ,Скрепка П образная,Скрепка РСА2,"Скрепка ""РСА2 СМ""",124654,279
БЕЛАРУСЬ,Скрепка П образная,Скрепка РСА3,"Скрепка ""РСА3 СМ""",117772,301
БЕЛАРУСЬ,Скрепка П образная,Скрепка РСА4,"Скрепка ""РСА4 СМ""",117773,320
БЕЛАРУСЬ,Скрепка П образная,Скрепка РСЕ1,"Скрепка ""РСЕ1 СМ""",117775,246
БЕЛАРУСЬ,Скрепка П образная,Скрепка РСЕ2,"Скрепка ""РСЕ2 СМ""",117777,252
БЕЛАРУСЬ,Скрепка П образная,Скрепка РСЕ3,"Скрепка ""РСЕ3 СМ""",117779,273
БЕЛАРУСЬ,Скрепка П образная,Скрепка РСЕ4,"Скрепка ""РСЕ4 СМ""",117781,276
БЕЛАРУСЬ,Скрепка П образная,Скрепка РСС1,"Скрепка ""РСС1 М""",117783,436
БЕЛАРУСЬ,Скрепка П образная,Скрепка РСС2,"Скрепка ""РСС2 Х-СМ""",117785,482
БЕЛАРУСЬ,Скрепка П образная,Скрепка РСС3,"Скрепка ""РСС3 М""",117788,532
БЕЛАРУСЬ,Скрепка П образная,Скрепка РСС4,"Скрепка ""РСС4 СМ""",117790,543
БЕЛАРУСЬ,Скрепка П образная,Скрепка РСХ1,"Скрепка ""РСХ1 СМ""",125290,131
БЕЛАРУСЬ,Скрепка П образная,Скрепка РСХ2,"Скрепка ""РСХ-2 СМ""",122547,136
БЕЛАРУСЬ,Скрепка П образная,Скрепка ТПЖ1,"Скрепка ""ТПЖ1 СМ""",117795,476
БЕЛАРУСЬ,Скрепка П образная,Скрепка ТПЖ2,"Скрепка ""ТПЖ2 СМ""",117797,525
БЕЛАРУСЬ,Скрепка П образная,Скрепка ТПЖ3,"Скрепка ""ТПЖ3 СМ""",117798,535
БЕЛАРУСЬ,Скрепка П образная,Скрепка ТРК1,"Скрепка ""ТРК1 СМ""",117804,271
БЕЛАРУСЬ,Скрепка П образная,Скрепка ТРК2,"Скрепка ""ТРК2 СМ""",117806,277
БЕЛАРУСЬ,Скрепка П образная,Скрепка ТРК3,"Скрепка ""ТРК3 СМ""",117809,300
БЕЛАРУСЬ,Скрепка П образная,Скрепка ТРТ1,"Скрепка ""ТРТ1 СМ""",117801,277
БЕЛАРУСЬ,Скрепка П образная,Скрепка ТРТ2,"Скрепка ""ТРТ2 СМ""",117802,296
БЕЛАРУСЬ,Скрепка П образная,Скрепка ТРТ3,"Скрепка ""ТРТ3 СМ""",117803,305
БЕЛАРУСЬ,Скрепка П образная,Скрепка ТРТН1,"Скрепка ""ТРТ3 СМ""",117803,305
